x_eval,y_eval,pred_errors,pred_var,y_pred_mean,preds_0,preds_1,preds_2,preds_3,preds_4,preds_5,preds_6,preds_7,preds_8,preds_9,preds_10,preds_11,preds_12,preds_13,preds_14,preds_15,preds_16,preds_17,preds_18,preds_19,preds_20,preds_21,preds_22,preds_23,preds_24,preds_25,preds_26,preds_27,preds_28,preds_29,preds_30,preds_31,preds_32,preds_33,preds_34,preds_35,preds_36,preds_37,preds_38,preds_39,preds_40,preds_41,preds_42,preds_43,preds_44,preds_45,preds_46,preds_47,preds_48,preds_49,preds_50,preds_51,preds_52,preds_53,preds_54,preds_55,preds_56,preds_57,preds_58,preds_59,preds_60,preds_61,preds_62,preds_63,preds_64,preds_65,preds_66,preds_67,preds_68,preds_69,preds_70,preds_71,preds_72,preds_73,preds_74,preds_75,preds_76,preds_77,preds_78,preds_79,preds_80,preds_81,preds_82,preds_83,preds_84,preds_85,preds_86,preds_87,preds_88,preds_89,preds_90,preds_91,preds_92,preds_93,preds_94,preds_95,preds_96,preds_97,preds_98,preds_99
-3.2019072,-1.2899935,0.09046996,8.5793654e-05,-1.3804635,-1.3755889,-1.3794075,-1.38629,-1.387946,-1.3761933,-1.3991052,-1.3640382,-1.3825333,-1.3652855,-1.3570484,-1.3687241,-1.3868474,-1.3807125,-1.3789012,-1.3776156,-1.3787733,-1.3777884,-1.3576549,-1.3755689,-1.3942459,-1.3806627,-1.3802581,-1.3742101,-1.3638328,-1.3942477,-1.3889426,-1.3678468,-1.3773794,-1.3705473,-1.378627,-1.3738332,-1.3939768,-1.369864,-1.3733556,-1.3731756,-1.394561,-1.3802396,-1.3952982,-1.3838669,-1.3863528,-1.3944393,-1.3854456,-1.3786348,-1.3782436,-1.3862166,-1.3877794,-1.3880041,-1.3770068,-1.368086,-1.3958589,-1.3810627,-1.3978667,-1.3868799,-1.4045683,-1.3659906,-1.3861002,-1.3707286,-1.3807621,-1.3824356,-1.3761277,-1.3776698,-1.381183,-1.3884548,-1.3837589,-1.3896723,-1.3915281,-1.3804628,-1.377797,-1.3881322,-1.3851008,-1.3562889,-1.3788043,-1.3881167,-1.3818628,-1.3680811,-1.3718611,-1.3776956,-1.3834846,-1.3943592,-1.3822793,-1.3891317,-1.3785607,-1.3852813,-1.3707685,-1.3756708,-1.3915634,-1.367004,-1.3812308,-1.3868823,-1.3801495,-1.3754469,-1.3827423,-1.3826951,-1.3785653,-1.3833714,-1.3826464,-1.379802,-1.3716642,-1.379684,-1.3733104
-2.9666417,-1.1094635,0.019476295,3.2613014e-05,-1.1289397,-1.1262101,-1.1278857,-1.1328903,-1.1339979,-1.1261135,-1.140325,-1.1187508,-1.1299611,-1.1195816,-1.1148226,-1.121553,-1.1332307,-1.1291152,-1.127771,-1.1272299,-1.1278527,-1.1273791,-1.1148775,-1.1258731,-1.13744,-1.1290705,-1.1287807,-1.124833,-1.1185921,-1.1375322,-1.1340079,-1.121246,-1.126806,-1.1230687,-1.1277626,-1.1245174,-1.1373937,-1.1224294,-1.1246105,-1.1246195,-1.1376679,-1.1291667,-1.1383885,-1.1313624,-1.132606,-1.1377541,-1.1320616,-1.1279495,-1.1274545,-1.1323436,-1.1334059,-1.1338055,-1.1269493,-1.1214694,-1.1386676,-1.1294962,-1.139302,-1.1331396,-1.143674,-1.1197832,-1.1322931,-1.122845,-1.1290787,-1.130184,-1.1265239,-1.1272677,-1.1293137,-1.1336892,-1.130925,-1.1344898,-1.1352308,-1.1292571,-1.1270486,-1.1334751,-1.1319693,-1.1141424,-1.1274285,-1.133059,-1.129784,-1.1213294,-1.1237999,-1.1271822,-1.1311175,-1.1374167,-1.129993,-1.134017,-1.1278459,-1.1323098,-1.1226876,-1.1260229,-1.1357918,-1.1208793,-1.129379,-1.1329511,-1.1284562,-1.1258119,-1.1299002,-1.1306273,-1.1280644,-1.1306217,-1.1304832,-1.1285584,-1.123031,-1.1288531,-1.1242594
-3.9501393,-2.352096,-0.17266822,0.00038860054,-2.1794279,-2.1690593,-2.1795974,-2.19213,-2.1951349,-2.1715724,-2.2145302,-2.1440701,-2.1856875,-2.1465766,-2.1273162,-2.1543934,-2.1931443,-2.1802046,-2.1774874,-2.1738393,-2.176944,-2.1740885,-2.129701,-2.1698158,-2.2095766,-2.1806214,-2.1801715,-2.1671107,-2.1437569,-2.2106643,-2.1996272,-2.1518424,-2.174075,-2.1576824,-2.1738389,-2.1669128,-2.2070236,-2.1573148,-2.1644022,-2.1636894,-2.2014391,-2.1786716,-2.1963315,-2.1869473,-2.1932762,-2.2111287,-2.1906307,-2.1749148,-2.1756825,-2.1939147,-2.1976242,-2.1906712,-2.172131,-2.1524384,-2.213725,-2.1740131,-2.216239,-2.193949,-2.2333567,-2.1489613,-2.1933303,-2.159002,-2.1811209,-2.1844442,-2.1696877,-2.1741462,-2.182842,-2.1981747,-2.1874187,-2.2002037,-2.2067761,-2.1790657,-2.175126,-2.1854901,-2.1903925,-2.1264358,-2.178466,-2.1993473,-2.183368,-2.152833,-2.1606693,-2.1744938,-2.1859663,-2.203348,-2.1847434,-2.200158,-2.1762252,-2.1892362,-2.1595087,-2.1697235,-2.200911,-2.149599,-2.1823518,-2.19381,-2.1811545,-2.169426,-2.187062,-2.184218,-2.1680095,-2.1870065,-2.184165,-2.178948,-2.162175,-2.177704,-2.164865
-2.119841,-0.46873724,-0.24239135,5.2216998e-05,-0.2263459,-0.23147823,-0.22559524,-0.22110808,-0.22058378,-0.22657605,-0.2118226,-0.23895624,-0.22392735,-0.23698926,-0.24533921,-0.2347106,-0.22248751,-0.22677533,-0.2264575,-0.22801499,-0.22753437,-0.23030455,-0.24270804,-0.23011033,-0.21841599,-0.2274698,-0.22578149,-0.22875972,-0.24029428,-0.21631296,-0.22204167,-0.23690759,-0.23041472,-0.23162608,-0.22814417,-0.23023668,-0.21703604,-0.23520568,-0.23084207,-0.23229584,-0.2183193,-0.22790106,-0.21797116,-0.22394939,-0.22010757,-0.21627498,-0.22121732,-0.2290877,-0.22686194,-0.2240385,-0.21888223,-0.21884063,-0.23061168,-0.23543194,-0.21682234,-0.22554353,-0.21242602,-0.22289625,-0.20671469,-0.23650424,-0.21949694,-0.23506476,-0.225827,-0.2243203,-0.23283327,-0.2272855,-0.22781214,-0.21819171,-0.22304796,-0.21783428,-0.21675617,-0.22711843,-0.22736688,-0.22005817,-0.2248547,-0.24595334,-0.22864719,-0.21681653,-0.22583771,-0.23601662,-0.2346816,-0.2284285,-0.22596937,-0.21346785,-0.22306827,-0.21967332,-0.23029852,-0.22396727,-0.23222746,-0.23134117,-0.21646515,-0.23722824,-0.224962,-0.22272472,-0.22534783,-0.2311067,-0.22094618,-0.22622749,-0.22799888,-0.22434492,-0.22382133,-0.22691448,-0.231085,-0.22699791,-0.23049015
-2.1082916,-0.20902357,0.0050961077,5.4739507e-05,-0.21411967,-0.2193287,-0.2134015,-0.20879534,-0.20820287,-0.21438116,-0.19924316,-0.22702429,-0.21165434,-0.22500078,-0.23356736,-0.2226948,-0.21015647,-0.21454357,-0.21427816,-0.21584634,-0.2153359,-0.21814181,-0.23086375,-0.21798345,-0.20600453,-0.21530122,-0.21352689,-0.21659487,-0.22840679,-0.20384797,-0.20972477,-0.22492547,-0.21834312,-0.2194776,-0.21598615,-0.21811967,-0.20461333,-0.22319143,-0.21867833,-0.22019413,-0.20589292,-0.21566665,-0.20550512,-0.21164778,-0.20770785,-0.20378917,-0.20884456,-0.21694225,-0.21462582,-0.21178569,-0.20645952,-0.2064254,-0.218497,-0.22340196,-0.20437625,-0.21329439,-0.19989574,-0.21055998,-0.19403902,-0.22453119,-0.2070998,-0.22308184,-0.21359278,-0.21203849,-0.22076692,-0.21510778,-0.21561506,-0.20578367,-0.21071695,-0.20535836,-0.20433572,-0.2148811,-0.21516569,-0.20770949,-0.21260795,-0.23420307,-0.21653067,-0.20436639,-0.2136251,-0.22406964,-0.22261898,-0.21626319,-0.21373485,-0.2009133,-0.21073103,-0.20727506,-0.21813785,-0.21168035,-0.22017042,-0.21921667,-0.20401743,-0.22522922,-0.2127201,-0.21044226,-0.21310674,-0.21901713,-0.20857364,-0.21402097,-0.21578954,-0.21206105,-0.21152039,-0.21468212,-0.21898031,-0.21474865,-0.21839158
-2.4065375,-0.4528936,0.077564776,8.461308e-06,-0.5304584,-0.53315955,-0.5293639,-0.52836275,-0.5289269,-0.5304571,-0.52503824,-0.53565246,-0.529584,-0.535065,-0.53837514,-0.5331996,-0.52928305,-0.53041106,-0.5297324,-0.5311434,-0.5310029,-0.5323639,-0.5371072,-0.5317692,-0.5270815,-0.5306651,-0.53064257,-0.5312049,-0.5356555,-0.52643037,-0.5282869,-0.534837,-0.5317134,-0.53317976,-0.5309855,-0.53174806,-0.52671504,-0.5341,-0.5328505,-0.53315794,-0.5272262,-0.5316442,-0.52800506,-0.5299465,-0.5283721,-0.526814,-0.52873915,-0.5312193,-0.5308291,-0.52906907,-0.5274398,-0.5278747,-0.532159,-0.53435653,-0.5268245,-0.53057575,-0.52442396,-0.52949643,-0.5224817,-0.5341806,-0.5275292,-0.53322476,-0.53036165,-0.52993166,-0.53275555,-0.5306292,-0.5311339,-0.5271722,-0.5292111,-0.52772504,-0.5256135,-0.5310532,-0.5306247,-0.527415,-0.52983636,-0.5382705,-0.5303917,-0.52627385,-0.5297897,-0.5340008,-0.53431195,-0.5308277,-0.5302134,-0.52557397,-0.52952415,-0.5279469,-0.5322889,-0.5297055,-0.53217536,-0.5323394,-0.52618635,-0.53549886,-0.5297445,-0.5287021,-0.52941704,-0.5322212,-0.5281356,-0.530488,-0.53160703,-0.5297488,-0.52938163,-0.5310733,-0.5318795,-0.5313431,-0.5316307
-3.1699717,-1.2572702,0.0890522,7.70937e-05,-1.3463224,-1.3417376,-1.3452607,-1.351898,-1.3534837,-1.3422469,-1.3639779,-1.3307443,-1.3482516,-1.3319339,-1.3241686,-1.335191,-1.352423,-1.3465858,-1.3448173,-1.3436327,-1.3447115,-1.3438002,-1.3247007,-1.3416742,-1.3593942,-1.346511,-1.3461218,-1.3403575,-1.3305423,-1.3594009,-1.3543353,-1.3343728,-1.3433654,-1.3369538,-1.3445921,-1.3399849,-1.3591647,-1.3362701,-1.3395902,-1.3394325,-1.35969,-1.3461583,-1.3604381,-1.3495872,-1.351909,-1.3595834,-1.3510522,-1.3446139,-1.3442008,-1.3517554,-1.353249,-1.3535101,-1.3430663,-1.334606,-1.3609473,-1.3469154,-1.3627682,-1.352436,-1.3691537,-1.3325698,-1.3516468,-1.3370843,-1.3465955,-1.3481976,-1.3422574,-1.3436797,-1.346976,-1.3538724,-1.3494592,-1.3550334,-1.3567232,-1.3463719,-1.3437599,-1.3535647,-1.3507302,-1.3234195,-1.3446778,-1.3534914,-1.347645,-1.3345841,-1.3381966,-1.3436924,-1.3492315,-1.3594972,-1.3480335,-1.354506,-1.3445281,-1.3509611,-1.3370935,-1.3417705,-1.3568388,-1.3335944,-1.3470426,-1.3524132,-1.3459721,-1.3415544,-1.3484211,-1.3484852,-1.3445752,-1.3490627,-1.3484187,-1.3456944,-1.337914,-1.3456358,-1.3395039
-2.359486,-0.63762534,-0.15724114,1.3131352e-05,-0.4803842,-0.48356733,-0.47926724,-0.47771716,-0.47822955,-0.4804102,-0.47364044,-0.4868181,-0.47919828,-0.48614672,-0.490054,-0.4840697,-0.47871068,-0.48040012,-0.47967958,-0.4812071,-0.48105356,-0.48268646,-0.48867947,-0.4821223,-0.47615433,-0.48066938,-0.48059684,-0.4814293,-0.48700374,-0.47536218,-0.4777952,-0.48583493,-0.48210046,-0.48362923,-0.4809391,-0.48207375,-0.47552243,-0.48494762,-0.48323542,-0.48359528,-0.47633865,-0.48174524,-0.47700334,-0.47950915,-0.4776651,-0.47565335,-0.47819862,-0.48145062,-0.4808624,-0.47871044,-0.4766354,-0.47694182,-0.48237905,-0.48522177,-0.4757675,-0.48027727,-0.47291258,-0.47907,-0.47039726,-0.48520902,-0.47686452,-0.4841102,-0.48027876,-0.47962493,-0.4833986,-0.4806552,-0.48120996,-0.47620273,-0.47896406,-0.47685772,-0.47470975,-0.48097056,-0.48066694,-0.4766574,-0.4794091,-0.49001095,-0.48058957,-0.475374,-0.47973707,-0.4848702,-0.48505074,-0.48096934,-0.48011693,-0.4743153,-0.47915643,-0.47725722,-0.48255166,-0.47935864,-0.48285055,-0.4828721,-0.47517607,-0.4865183,-0.47951144,-0.47805375,-0.4794579,-0.48238942,-0.4776003,-0.4803677,-0.48166692,-0.4795223,-0.4791791,-0.48105273,-0.48241866,-0.4813626,-0.48198685
-3.5419133,-1.678259,0.065680265,0.00020730417,-1.7439393,-1.7361456,-1.7429898,-1.7524825,-1.7547858,-1.7376088,-1.7732072,-1.7184999,-1.7475225,-1.7203681,-1.707046,-1.7257415,-1.7532305,-1.744016,-1.7417833,-1.7394189,-1.7414181,-1.739644,-1.7085099,-1.7364408,-1.7652789,-1.7441727,-1.74372,-1.7345517,-1.7182302,-1.765244,-1.7573644,-1.7240989,-1.7394272,-1.7282033,-1.7409834,-1.7342054,-1.7646233,-1.7276778,-1.7328436,-1.7323961,-1.765694,-1.7430923,-1.7664626,-1.7488414,-1.7530644,-1.7655563,-1.7515311,-1.74073,-1.7406671,-1.7531953,-1.7557164,-1.7551308,-1.7383476,-1.7245435,-1.7675402,-1.744635,-1.771517,-1.7536056,-1.7816161,-1.7218266,-1.7529157,-1.7289267,-1.744518,-1.7468256,-1.7367336,-1.7395513,-1.7454596,-1.756651,-1.7489445,-1.758086,-1.76199,-1.7434263,-1.7401791,-1.7560612,-1.7510349,-1.7062416,-1.7421736,-1.7567554,-1.7461542,-1.7247001,-1.730292,-1.7397635,-1.7481426,-1.7654675,-1.7469392,-1.7576818,-1.740963,-1.7506565,-1.72923,-1.7364907,-1.761266,-1.7226772,-1.7452483,-1.753856,-1.7441344,-1.7362779,-1.7481917,-1.746942,-1.7404455,-1.7485377,-1.7469425,-1.7429315,-1.7309388,-1.7422774,-1.7331294
-2.180825,-0.3087054,-0.017790824,3.9852494e-05,-0.29091457,-0.29561582,-0.2900123,-0.286149,-0.28596434,-0.29096735,-0.27831757,-0.3019732,-0.28879565,-0.30032763,-0.3075034,-0.29815307,-0.2876472,-0.29133198,-0.2907887,-0.29229894,-0.29197642,-0.29452658,-0.30524436,-0.29414332,-0.28395104,-0.29180437,-0.2904773,-0.29298133,-0.30306274,-0.28213152,-0.28711686,-0.30017808,-0.2941986,-0.2957664,-0.29235333,-0.29422408,-0.28261283,-0.29868755,-0.2950772,-0.29618278,-0.2839331,-0.29250187,-0.28378153,-0.28893724,-0.2855588,-0.28220305,-0.2865562,-0.2932182,-0.29150772,-0.28874904,-0.28447714,-0.2844061,-0.29457948,-0.2989376,-0.28260693,-0.29027212,-0.27858907,-0.28806952,-0.27367008,-0.2997247,-0.28496975,-0.2983473,-0.29043978,-0.28919882,-0.2965375,-0.29159278,-0.29220772,-0.2837269,-0.28817052,-0.2837101,-0.2823473,-0.29168,-0.29179797,-0.28526378,-0.28952527,-0.30799684,-0.29260647,-0.28258893,-0.29029715,-0.29909733,-0.29837134,-0.29266435,-0.2906136,-0.27976733,-0.28821254,-0.28515893,-0.29448813,-0.28884795,-0.29594404,-0.29536575,-0.2822321,-0.30060345,-0.28963393,-0.2875925,-0.2899733,-0.29494432,-0.28627184,-0.29076052,-0.29247934,-0.2892266,-0.28875524,-0.2915318,-0.29499635,-0.29172474,-0.29437461
-3.7633266,-2.25114,-0.2705109,0.0003150308,-1.9806292,-1.9709488,-1.9797912,-1.9909441,-1.9936221,-1.9729799,-2.0169346,-1.9493203,-1.9852047,-1.9515516,-1.934962,-1.9582329,-1.9918307,-1.9805924,-1.9781001,-1.9750367,-1.9776186,-1.9752815,-1.9369546,-1.9714919,-2.0068698,-1.9808878,-1.9804486,-1.9691632,-1.9490253,-2.0068316,-1.9972084,-1.9560946,-1.9751586,-1.9611231,-1.9769514,-1.968897,-2.0060816,-1.960685,-1.966948,-1.9663209,-2.0073504,-1.9793459,-2.0081708,-1.9864941,-1.9918537,-2.0072296,-1.9898512,-1.9763898,-1.9766132,-1.9922326,-1.9954053,-1.9942111,-1.9736228,-1.9566339,-2.0095408,-1.9814129,-2.0147889,-1.9924321,-2.0271509,-1.9535251,-1.9917876,-1.9621868,-1.9813223,-1.9841808,-1.9715605,-1.9752579,-1.9826866,-1.9964688,-1.9867563,-1.9978814,-2.0032327,-1.9797082,-1.9761609,-1.9956099,-1.9893324,-1.9341419,-1.9788095,-1.9968096,-1.9832969,-1.9569238,-1.963728,-1.9755664,-1.9856092,-2.0071058,-1.9844074,-1.9976718,-1.9770402,-1.9885343,-1.962614,-1.9714664,-2.0020173,-1.9542311,-1.982326,-1.9928658,-1.9811633,-1.9712101,-1.986226,-1.9841197,-1.9760852,-1.9863553,-1.9840915,-1.9794157,-1.9648485,-1.9784437,-1.9673085
-3.8495553,-2.3230064,-0.2502072,0.00036267625,-2.0727992,-2.0623922,-2.0720172,-2.0838063,-2.086636,-2.0646458,-2.111853,-2.0392127,-2.077743,-2.0415711,-2.0237486,-2.0487754,-2.084752,-2.0727267,-2.070133,-2.0667996,-2.0696228,-2.0670526,-2.0259204,-2.063034,-2.1009424,-2.0730755,-2.072637,-2.0605314,-2.0389092,-2.1009161,-2.0906348,-2.0464454,-2.066974,-2.0518503,-2.0688484,-2.0602965,-2.1001663,-2.051445,-2.0580902,-2.057422,-2.1014636,-2.0713503,-2.1015925,-2.079019,-2.0848262,-2.101348,-2.0826647,-2.0681665,-2.0684993,-2.0853245,-2.088745,-2.0873199,-2.06525,-2.047013,-2.1037872,-2.073625,-2.1095302,-2.0854478,-2.1227736,-2.0437343,-2.0848155,-2.053029,-2.073545,-2.076618,-2.0630116,-2.0670605,-2.075074,-2.0898752,-2.0793736,-2.0912693,-2.097184,-2.0717273,-2.0680552,-2.088899,-2.0821369,-2.0229006,-2.0709667,-2.0902977,-2.0756454,-2.0473545,-2.0546381,-2.0673988,-2.0780895,-2.101211,-2.076878,-2.0911353,-2.0689795,-2.081174,-2.0534983,-2.0629776,-2.095777,-2.0444086,-2.0746558,-2.085949,-2.0734735,-2.0627027,-2.0789273,-2.0764818,-2.0678546,-2.078972,-2.076441,-2.0715156,-2.0559301,-2.0704176,-2.058496
-3.1815581,-1.2256756,0.13303351,8.019607e-05,-1.3587091,-1.354019,-1.3576494,-1.3643756,-1.3659868,-1.354563,-1.3767223,-1.3428236,-1.360689,-1.344034,-1.3360976,-1.347357,-1.3649133,-1.3589689,-1.3571833,-1.3559619,-1.3570696,-1.3561313,-1.3366568,-1.3539715,-1.3720386,-1.3589015,-1.3585067,-1.3526394,-1.3426205,-1.3720437,-1.3668911,-1.3465173,-1.3557059,-1.349142,-1.3569402,-1.3522654,-1.3717946,-1.3484572,-1.3518407,-1.3516731,-1.3723415,-1.3585232,-1.3730856,-1.362024,-1.3644053,-1.3722289,-1.3635305,-1.356957,-1.3565518,-1.3642582,-1.3657767,-1.366025,-1.3553802,-1.3467519,-1.3736136,-1.3593045,-1.3755022,-1.3649324,-1.3820022,-1.3446952,-1.3641467,-1.3492907,-1.3589915,-1.3606203,-1.354546,-1.3560116,-1.3593855,-1.3664191,-1.3619032,-1.3676006,-1.3693507,-1.3587403,-1.3561089,-1.3661062,-1.3632002,-1.3353448,-1.3570591,-1.3660536,-1.3600593,-1.3467369,-1.3504105,-1.3560289,-1.3616594,-1.3721455,-1.3604581,-1.3670685,-1.3568752,-1.3634127,-1.349311,-1.3540698,-1.3694373,-1.3457155,-1.3594462,-1.3649188,-1.3583648,-1.3538508,-1.3608731,-1.3608967,-1.3569071,-1.36151,-1.360837,-1.3580691,-1.3501587,-1.3579887,-1.3517691
-2.079865,-0.30941474,-0.12538368,6.118984e-05,-0.18403107,-0.18942556,-0.18340531,-0.17850205,-0.17773229,-0.18436153,-0.16828135,-0.19765705,-0.18144704,-0.19548222,-0.20459896,-0.19311969,-0.1798077,-0.18443698,-0.1843125,-0.18589744,-0.18531206,-0.18820602,-0.20174083,-0.18813549,-0.17545941,-0.18535063,-0.18336487,-0.18665548,-0.19914562,-0.17316778,-0.17937976,-0.19543388,-0.18865526,-0.18957672,-0.18603541,-0.18831335,-0.17403744,-0.19362082,-0.18875843,-0.1904125,-0.17530817,-0.18556775,-0.17483543,-0.18135366,-0.17718852,-0.1730609,-0.17839953,-0.18704242,-0.18450966,-0.18163076,-0.17588407,-0.17588174,-0.18867987,-0.19381697,-0.17376347,-0.18314649,-0.16910076,-0.18019551,-0.16283804,-0.19506203,-0.1765869,-0.19358738,-0.18348077,-0.18184002,-0.19107944,-0.18513742,-0.18559459,-0.17523639,-0.18036662,-0.17465776,-0.17377192,-0.18477118,-0.18513487,-0.1773156,-0.18246499,-0.20528236,-0.18670711,-0.17372286,-0.18357447,-0.19466454,-0.19293517,-0.18632053,-0.18362397,-0.17001717,-0.18039864,-0.17678045,-0.18820669,-0.1814394,-0.19049433,-0.18937477,-0.17341396,-0.19569628,-0.1825892,-0.18021975,-0.1829777,-0.18926491,-0.17812116,-0.18397743,-0.185735,-0.18182702,-0.18123445,-0.18457475,-0.18918726,-0.1846132,-0.18861133
-3.5813968,-1.9180695,-0.13192189,0.00022485356,-1.7861476,-1.7780168,-1.7852149,-1.7950072,-1.7973763,-1.7795784,-1.81667,-1.7596608,-1.7899071,-1.7616028,-1.7476858,-1.7672006,-1.7957789,-1.7862035,-1.7839245,-1.7814336,-1.7835306,-1.7816641,-1.7492497,-1.7783561,-1.8083624,-1.7863848,-1.785935,-1.7763888,-1.7593853,-1.8083265,-1.8001341,-1.7654696,-1.7814628,-1.7697363,-1.7830625,-1.7760566,-1.8076656,-1.7692286,-1.7745903,-1.7741104,-1.8087858,-1.7852281,-1.8095651,-1.7912245,-1.7956495,-1.8086528,-1.7940297,-1.7827542,-1.7827451,-1.7958215,-1.7984598,-1.7977649,-1.7803032,-1.7659327,-1.810695,-1.7868581,-1.8148985,-1.7961943,-1.8254012,-1.7631513,-1.7955126,-1.7705228,-1.786746,-1.789152,-1.7786092,-1.7815754,-1.787763,-1.7994088,-1.7913523,-1.8008475,-1.8050095,-1.7855613,-1.7822613,-1.7987789,-1.7935296,-1.74688,-1.7843716,-1.7995629,-1.7884545,-1.7661117,-1.7719189,-1.7818128,-1.7904886,-1.8085576,-1.7892858,-1.8004782,-1.7830615,-1.7930782,-1.7708491,-1.778392,-1.8041978,-1.763969,-1.7875239,-1.7964736,-1.7864026,-1.7781756,-1.7906392,-1.7892482,-1.7824657,-1.7909467,-1.7892349,-1.7851006,-1.7726566,-1.7843916,-1.7748966
-3.6120956,-1.8992535,-0.0802896,0.0002389931,-1.8189639,-1.8105721,-1.8180455,-1.8280706,-1.8304908,-1.8122127,-1.8504624,-1.7916636,-1.8228614,-1.7936625,-1.7792834,-1.7994353,-1.8288608,-1.8190048,-1.8166896,-1.8141004,-1.8162735,-1.8143349,-1.7809228,-1.8109455,-1.84186,-1.8192052,-1.8187574,-1.8089175,-1.7913839,-1.8418221,-1.8333876,-1.7976358,-1.8141458,-1.8020285,-1.8157792,-1.8085964,-1.8411314,-1.8015349,-1.8070486,-1.8065441,-1.8422914,-1.8179849,-1.8430779,-1.8241777,-1.8287594,-1.8421606,-1.8270724,-1.8154283,-1.8154596,-1.8289639,-1.8316932,-1.8309131,-1.8129239,-1.7981133,-1.8442482,-1.8196875,-1.8486278,-1.8293072,-1.8594444,-1.7952832,-1.8286321,-1.8028643,-1.8195788,-1.8220611,-1.8111678,-1.814251,-1.8206544,-1.8326533,-1.8243248,-1.8340949,-1.8384577,-1.8183217,-1.8149804,-1.8319923,-1.8265692,-1.7784768,-1.817181,-1.8328462,-1.8213323,-1.7983096,-1.8042842,-1.8145068,-1.8234131,-1.8420606,-1.8222104,-1.8337526,-1.8157933,-1.8260593,-1.8032081,-1.8109707,-1.8375779,-1.796074,-1.8203949,-1.8296126,-1.8192667,-1.8107481,-1.8236423,-1.8221402,-1.8151371,-1.8239198,-1.8221152,-1.8178872,-1.8050925,-1.8171357,-1.8073709
-2.218111,-0.47337443,-0.14296821,3.3094526e-05,-0.33040622,-0.33482978,-0.329399,-0.32591265,-0.3259574,-0.3303576,-0.31901476,-0.3404839,-0.32848194,-0.3390739,-0.345516,-0.33694294,-0.32749555,-0.33076718,-0.33015344,-0.33163214,-0.33138704,-0.3337894,-0.3434959,-0.33329502,-0.32401976,-0.33117458,-0.3300395,-0.33228418,-0.34144327,-0.32237458,-0.32689014,-0.33887935,-0.33334216,-0.33496112,-0.3316543,-0.33333728,-0.32277954,-0.33751744,-0.334351,-0.33523315,-0.32405242,-0.33199492,-0.32403782,-0.32865003,-0.3255612,-0.32251206,-0.32652432,-0.33242807,-0.3310376,-0.32833198,-0.32458252,-0.32451624,-0.3336911,-0.33776107,-0.3228533,-0.3298641,-0.3190417,-0.32788756,-0.31463182,-0.33838046,-0.32500696,-0.3370399,-0.3299934,-0.3288788,-0.3354734,-0.33101505,-0.331589,-0.32385904,-0.32797807,-0.3239903,-0.32245198,-0.33114254,-0.33122855,-0.32514986,-0.3290961,-0.34593058,-0.3317112,-0.32282448,-0.32976824,-0.3377288,-0.33730778,-0.3319284,-0.33016852,-0.32035798,-0.32807302,-0.32520124,-0.33372235,-0.3285582,-0.33491287,-0.334546,-0.3224578,-0.33935833,-0.32920524,-0.32725337,-0.32948261,-0.33399317,-0.32622033,-0.33024576,-0.33191475,-0.32891873,-0.3284564,-0.33102247,-0.33408022,-0.33130637,-0.33346775
-3.122663,-1.0019041,0.29384172,6.5064196e-05,-1.2957458,-1.2915912,-1.2946821,-1.30095,-1.3024249,-1.2919593,-1.3119409,-1.2814233,-1.2974674,-1.2825273,-1.2754604,-1.2854905,-1.3014237,-1.2959869,-1.294323,-1.2932911,-1.294253,-1.2934518,-1.2758824,-1.2914636,-1.3077571,-1.2959194,-1.2955525,-1.2902087,-1.2812252,-1.307779,-1.3030684,-1.2847848,-1.292978,-1.2871895,-1.2941691,-1.2898439,-1.3075944,-1.2865092,-1.2895712,-1.289452,-1.3080325,-1.2956705,-1.3087798,-1.298808,-1.3008844,-1.3079599,-1.300102,-1.2942158,-1.2937707,-1.300705,-1.3020961,-1.3024051,-1.292783,-1.2850157,-1.3092297,-1.2963305,-1.3107741,-1.3014108,-1.3166909,-1.2830609,-1.3006078,-1.2872374,-1.2959834,-1.2974724,-1.2920896,-1.293327,-1.296318,-1.3026423,-1.2986442,-1.3037195,-1.3051637,-1.2958704,-1.2933378,-1.3023565,-1.2998227,-1.2747271,-1.2941262,-1.3021979,-1.2969553,-1.2849628,-1.2883161,-1.2933209,-1.2984847,-1.3078535,-1.297302,-1.303208,-1.2941128,-1.3001199,-1.2872077,-1.2915536,-1.3054061,-1.2841022,-1.2963978,-1.301351,-1.2953714,-1.2913468,-1.2975779,-1.2978072,-1.2942021,-1.298238,-1.2977147,-1.2951684,-1.2879173,-1.295197,-1.289423
-3.2860413,-1.5194439,-0.04903674,0.000110933426,-1.4704071,-1.4647998,-1.4693674,-1.4769007,-1.4787405,-1.4656253,-1.491648,-1.451751,-1.4728496,-1.4531503,-1.4436642,-1.4570677,-1.4775066,-1.4706122,-1.468696,-1.4671434,-1.4685094,-1.4673302,-1.4444737,-1.464864,-1.4860635,-1.4706228,-1.4701906,-1.4633932,-1.4515281,-1.4860501,-1.480116,-1.4560041,-1.4669888,-1.4590487,-1.4682914,-1.4630061,-1.4856895,-1.4584088,-1.4623104,-1.4620656,-1.486429,-1.4700272,-1.4871372,-1.474179,-1.4770951,-1.4862717,-1.4760556,-1.4682556,-1.4679279,-1.4770051,-1.47875,-1.4788724,-1.4664235,-1.4562943,-1.4878342,-1.4710237,-1.4903336,-1.4776235,-1.4978683,-1.4540379,-1.4768685,-1.4593643,-1.4707747,-1.472617,-1.4653592,-1.4672171,-1.4713126,-1.4795624,-1.4741219,-1.4808965,-1.4832025,-1.4702747,-1.4674681,-1.4792012,-1.475651,-1.4428841,-1.4687117,-1.4793372,-1.4720097,-1.456329,-1.4605504,-1.4672768,-1.4737186,-1.4862027,-1.4725139,-1.4803345,-1.4682194,-1.4756978,-1.4594831,-1.4649653,-1.4830459,-1.4550213,-1.4713047,-1.4776913,-1.4702164,-1.4647355,-1.4731622,-1.4728208,-1.4681128,-1.4737407,-1.4728074,-1.469658,-1.4605788,-1.4693854,-1.4623748
-2.909262,-0.7862953,0.28129506,2.3468452e-05,-1.0675904,-1.0654031,-1.0665392,-1.0709511,-1.0720557,-1.0651209,-1.0772066,-1.0589187,-1.068356,-1.0596523,-1.0557452,-1.0612618,-1.071368,-1.0677451,-1.0665182,-1.0661563,-1.0666637,-1.0663016,-1.0556867,-1.0649747,-1.0748028,-1.0677053,-1.0674524,-1.0640184,-1.0587815,-1.0749226,-1.0718292,-1.0611018,-1.0656947,-1.0626824,-1.0665748,-1.0637159,-1.0747948,-1.0621051,-1.0639431,-1.0639993,-1.0750033,-1.0679251,-1.075724,-1.0697815,-1.0707121,-1.0751542,-1.0702586,-1.0667326,-1.0662885,-1.0704259,-1.0713694,-1.0717902,-1.0659834,-1.0613223,-1.0759401,-1.0681345,-1.0762433,-1.0712595,-1.0800458,-1.0597385,-1.0704031,-1.0623866,-1.0676984,-1.0686605,-1.06559,-1.0661962,-1.0678967,-1.0715535,-1.0692549,-1.0722523,-1.0727376,-1.0679568,-1.0658927,-1.0713658,-1.070238,-1.0550845,-1.0661324,-1.070858,-1.068306,-1.0611533,-1.063296,-1.0660801,-1.0695654,-1.0747322,-1.06846,-1.0717938,-1.0666983,-1.0705262,-1.0621823,-1.0651441,-1.0734178,-1.0608512,-1.0679455,-1.0710179,-1.0670402,-1.0649385,-1.0682243,-1.0691162,-1.0669644,-1.068979,-1.0689776,-1.0673178,-1.0624013,-1.0676739,-1.063498
1.7381446,0.23609124,0.31991985,8.563211e-05,-0.08382862,-0.0897252,-0.08363955,-0.07760466,-0.076216385,-0.08439158,-0.06519744,-0.0997509,-0.08082653,-0.09725407,-0.10830553,-0.09467223,-0.078517355,-0.08422378,-0.08435531,-0.0863943,-0.08532314,-0.08860967,-0.10464176,-0.088616684,-0.07369161,-0.085698605,-0.08312153,-0.08704611,-0.10169314,-0.070913255,-0.078266665,-0.09704618,-0.08993915,-0.09013237,-0.08634906,-0.08919963,-0.07249234,-0.09510738,-0.08933026,-0.09108123,-0.07327879,-0.08533605,-0.07274515,-0.080468595,-0.07570292,-0.07061686,-0.07685238,-0.087531745,-0.08413901,-0.081194855,-0.074154004,-0.0740327,-0.08938006,-0.09529135,-0.07182734,-0.082827695,-0.06652918,-0.07893751,-0.059013736,-0.09711652,-0.07514262,-0.09545227,-0.08303945,-0.08142622,-0.09230141,-0.085463375,-0.085307896,-0.07351129,-0.07926065,-0.0721496,-0.07200131,-0.08464473,-0.084920615,-0.07615821,-0.08229252,-0.10897058,-0.08759332,-0.071269214,-0.083635435,-0.09693487,-0.0938659,-0.08665652,-0.0833334,-0.06714836,-0.079683706,-0.07509223,-0.08840857,-0.08035227,-0.09166763,-0.089711234,-0.07142175,-0.097531654,-0.08230939,-0.07941146,-0.082606845,-0.09016045,-0.07664422,-0.083984636,-0.08547065,-0.08114867,-0.08051814,-0.08435533,-0.0899057,-0.08413251,-0.08951383
1.2828948,0.14840521,0.2322337,8.5648564e-05,-0.08382849,-0.08972544,-0.08363455,-0.0776013,-0.07621014,-0.084393196,-0.06519379,-0.09975463,-0.08082781,-0.09725301,-0.10830847,-0.09467825,-0.078518115,-0.08422485,-0.08435249,-0.08639041,-0.08533003,-0.08861727,-0.104649246,-0.08862091,-0.07368738,-0.085693814,-0.08312379,-0.0870478,-0.10169621,-0.070919,-0.07826677,-0.09704265,-0.089932635,-0.0901304,-0.08634333,-0.0891939,-0.07249281,-0.095105454,-0.089325756,-0.09108133,-0.07327478,-0.08533139,-0.07274854,-0.08046383,-0.0757075,-0.070615225,-0.07685893,-0.08753411,-0.08413311,-0.08119054,-0.07414677,-0.07403648,-0.08937836,-0.09529056,-0.07182728,-0.08283345,-0.06652773,-0.07893695,-0.059002053,-0.09711254,-0.07514467,-0.09545727,-0.08303583,-0.08142508,-0.09229929,-0.08545841,-0.085315555,-0.073513575,-0.07925813,-0.07215279,-0.07199832,-0.08463836,-0.084918275,-0.07616676,-0.082275726,-0.10896857,-0.087588236,-0.07127796,-0.08362496,-0.09693008,-0.093864925,-0.086660124,-0.08333283,-0.067134716,-0.07968434,-0.07508941,-0.08842307,-0.080355234,-0.09166705,-0.089724034,-0.07142259,-0.09752911,-0.08231674,-0.07940859,-0.08260891,-0.09016605,-0.07663561,-0.08398405,-0.08547505,-0.08115154,-0.08052236,-0.08435519,-0.08992,-0.084140725,-0.0895116
-1.9342815,-0.23926407,-0.15543643,8.576768e-05,-0.08382764,-0.08972726,-0.08359929,-0.07757782,-0.07616608,-0.08440467,-0.06516834,-0.099781334,-0.08083674,-0.09724527,-0.10832935,-0.094720446,-0.078523494,-0.084232345,-0.084333494,-0.08636298,-0.085378975,-0.088671304,-0.10470221,-0.08865095,-0.073657595,-0.08566013,-0.08313942,-0.08705995,-0.101718,-0.07095936,-0.078267455,-0.097017884,-0.089886576,-0.090116754,-0.0863028,-0.08915309,-0.07249608,-0.09509214,-0.08929363,-0.091081895,-0.073246166,-0.08530164,-0.07277175,-0.08043015,-0.07573981,-0.0706036,-0.07690508,-0.087550804,-0.08409092,-0.08115988,-0.07409568,-0.07406312,-0.089366235,-0.095284805,-0.071826756,-0.082874216,-0.066517614,-0.078933,-0.05891901,-0.09708471,-0.0751588,-0.0954923,-0.083010465,-0.08141714,-0.092284895,-0.085423484,-0.08536987,-0.07353012,-0.07924024,-0.072175264,-0.07197736,-0.084593125,-0.08490166,-0.07622671,-0.08215726,-0.10895469,-0.08755249,-0.07134001,-0.08355136,-0.096896276,-0.093857974,-0.086685516,-0.08332898,-0.06703849,-0.07968861,-0.075069666,-0.088526376,-0.0803762,-0.09166265,-0.089814566,-0.071428165,-0.097511716,-0.08236889,-0.07938849,-0.082623675,-0.09020527,-0.076574564,-0.08397971,-0.08550621,-0.08117152,-0.080552205,-0.08435433,-0.09002131,-0.08419864,-0.089496166
-1.2443693,0.09355868,0.17738649,8.574194e-05,-0.083827816,-0.089726865,-0.08360687,-0.07758289,-0.07617554,-0.0844022,-0.06517382,-0.09977562,-0.08083483,-0.097246885,-0.10832492,-0.0947114,-0.07852236,-0.08423074,-0.08433756,-0.086368896,-0.08536848,-0.08865975,-0.10469087,-0.08864458,-0.07366394,-0.08566731,-0.08313604,-0.087057345,-0.101713285,-0.07095067,-0.078267306,-0.09702317,-0.08989645,-0.09011966,-0.08631155,-0.089161865,-0.072495386,-0.09509495,-0.089300565,-0.09108179,-0.07325227,-0.08530787,-0.07276678,-0.08043739,-0.0757329,-0.07060604,-0.07689519,-0.08754723,-0.084099926,-0.08116643,-0.07410664,-0.07405743,-0.08936883,-0.09528607,-0.071826875,-0.08286549,-0.06651981,-0.07893382,-0.05893682,-0.09709065,-0.075155795,-0.09548478,-0.08301589,-0.08141884,-0.09228798,-0.08543097,-0.08535821,-0.07352656,-0.07924408,-0.07217044,-0.07198183,-0.08460282,-0.08490538,-0.07621384,-0.082182646,-0.108957656,-0.087560154,-0.07132674,-0.08356711,-0.09690356,-0.09385939,-0.08668009,-0.08332981,-0.067059144,-0.079687685,-0.07507387,-0.08850421,-0.080371715,-0.09166364,-0.08979513,-0.071426965,-0.097515434,-0.08235768,-0.079392806,-0.082620524,-0.090196826,-0.076587655,-0.083980635,-0.08549954,-0.08116727,-0.080545776,-0.084354505,-0.08999959,-0.084186256,-0.0894995
1.8462784,0.15003668,0.2324416,8.540794e-05,-0.08240493,-0.08847438,-0.082090616,-0.07615852,-0.074698545,-0.082837835,-0.06365283,-0.09832333,-0.0794158,-0.095536016,-0.106940076,-0.0932785,-0.077215716,-0.08294509,-0.082889244,-0.08506474,-0.08388957,-0.08716838,-0.10316613,-0.087159045,-0.07229091,-0.08427396,-0.08164265,-0.08579906,-0.10014277,-0.06937771,-0.07682692,-0.09553847,-0.088489674,-0.08878048,-0.08500112,-0.08797263,-0.07081485,-0.09367809,-0.08791181,-0.08967083,-0.07188236,-0.083800636,-0.07148868,-0.07911756,-0.07441141,-0.06896348,-0.075663306,-0.08613167,-0.08282104,-0.0798669,-0.072861716,-0.07278061,-0.0878735,-0.09393716,-0.07044401,-0.08139942,-0.06509953,-0.077364475,-0.057774696,-0.09566011,-0.07369822,-0.09406327,-0.08170446,-0.0798408,-0.09083001,-0.084170364,-0.083966605,-0.07209046,-0.0778598,-0.07071259,-0.07062442,-0.08313851,-0.083590694,-0.07474172,-0.08084681,-0.107562885,-0.08611705,-0.069769025,-0.08229703,-0.09558236,-0.09232863,-0.08507982,-0.08190389,-0.06576243,-0.07829308,-0.07379506,-0.087089226,-0.07902335,-0.09013209,-0.08821372,-0.069896236,-0.0959599,-0.08094867,-0.07808976,-0.08106286,-0.08863689,-0.07523998,-0.08240045,-0.083900765,-0.07981541,-0.07917163,-0.08284271,-0.08856094,-0.08269325,-0.087986365
-1.8256073,-0.14129937,-0.0574717,8.576363e-05,-0.08382767,-0.08972719,-0.08360051,-0.07757865,-0.07616755,-0.08440428,-0.065169215,-0.09978042,-0.08083644,-0.09724554,-0.10832867,-0.09471901,-0.078523345,-0.084232084,-0.084334135,-0.08636394,-0.0853773,-0.08866946,-0.104700424,-0.08864997,-0.07365857,-0.08566128,-0.083138876,-0.08705948,-0.10171722,-0.070957966,-0.0782674,-0.097018674,-0.08988811,-0.09011726,-0.08630418,-0.089154504,-0.072495945,-0.095092624,-0.08929474,-0.09108188,-0.07324708,-0.08530261,-0.07277103,-0.08043127,-0.075738765,-0.07060392,-0.07690353,-0.08755023,-0.08409229,-0.081160925,-0.07409745,-0.07406227,-0.08936662,-0.09528503,-0.07182677,-0.08287281,-0.06651796,-0.07893311,-0.058921818,-0.09708562,-0.0751583,-0.095491104,-0.08301135,-0.08141743,-0.09228538,-0.0854247,-0.08536807,-0.07352957,-0.07924084,-0.072174504,-0.07197808,-0.08459462,-0.08490243,-0.07622463,-0.08216125,-0.108955145,-0.087553695,-0.071337916,-0.08355382,-0.096897386,-0.093858205,-0.08668467,-0.08332917,-0.06704177,-0.07968846,-0.07507034,-0.08852285,-0.08037549,-0.09166286,-0.08981152,-0.07142801,-0.09751229,-0.08236715,-0.079389185,-0.082623206,-0.090203956,-0.07657666,-0.08397985,-0.085505165,-0.08117087,-0.08055119,-0.08435435,-0.090017885,-0.08419668,-0.08949669
-0.060210943,-0.03349241,0.050335713,8.569799e-05,-0.08382812,-0.0897262,-0.08361981,-0.07759153,-0.076191776,-0.084398,-0.06518317,-0.09976579,-0.08083155,-0.09724976,-0.10831725,-0.09469586,-0.07852038,-0.084228,-0.08434457,-0.08637896,-0.08535044,-0.088639826,-0.1046714,-0.08863345,-0.07367495,-0.08567977,-0.0831303,-0.08705286,-0.10170532,-0.070935786,-0.07826703,-0.09703229,-0.0899134,-0.0901247,-0.086326376,-0.089176856,-0.07249414,-0.09509994,-0.08931242,-0.09108154,-0.07326281,-0.08531854,-0.07275825,-0.08044975,-0.075721025,-0.07061034,-0.0768782,-0.087541096,-0.08411544,-0.08117771,-0.07412548,-0.07404758,-0.08937329,-0.095288165,-0.07182703,-0.0828505,-0.06652355,-0.0789353,-0.058967322,-0.097100876,-0.07515055,-0.095471896,-0.08302522,-0.08142174,-0.09229332,-0.08544388,-0.08533821,-0.07352048,-0.079250686,-0.0721622,-0.071989566,-0.08461943,-0.0849114,-0.07619177,-0.08222626,-0.108962774,-0.08757334,-0.0713039,-0.083594106,-0.09691601,-0.09386196,-0.08667071,-0.08333124,-0.06709458,-0.0796861,-0.07508117,-0.0884662,-0.08036402,-0.091665186,-0.089761786,-0.07142493,-0.09752185,-0.082338504,-0.07940023,-0.0826151,-0.09018241,-0.076610126,-0.08398222,-0.08548808,-0.081159875,-0.08053482,-0.08435486,-0.0899623,-0.08416489,-0.08950522
1.1268349,-0.07757803,0.0062504187,8.5654196e-05,-0.08382845,-0.08972551,-0.0836328,-0.07760015,-0.07620805,-0.084393784,-0.065192565,-0.0997559,-0.08082829,-0.09725257,-0.10830952,-0.094680265,-0.07851833,-0.08422522,-0.08435154,-0.086389095,-0.0853324,-0.0886199,-0.10465181,-0.0886224,-0.07368596,-0.08569218,-0.08312452,-0.087048404,-0.10169726,-0.07092093,-0.078266785,-0.09704141,-0.0899304,-0.09012976,-0.08634132,-0.08919186,-0.07249297,-0.09510483,-0.0893242,-0.091081366,-0.073273376,-0.08532982,-0.072749615,-0.08046217,-0.0757091,-0.07061463,-0.07686118,-0.08753494,-0.08413107,-0.081189,-0.074144356,-0.074037746,-0.08937779,-0.09529026,-0.07182726,-0.08283545,-0.06652723,-0.07893673,-0.05899795,-0.097111195,-0.07514539,-0.09545895,-0.08303459,-0.08142465,-0.09229866,-0.08545673,-0.08531819,-0.07351436,-0.07925731,-0.072153874,-0.071997315,-0.08463615,-0.08491749,-0.076169655,-0.08226996,-0.108967915,-0.08758649,-0.07128097,-0.08362134,-0.09692849,-0.09386456,-0.08666137,-0.08333263,-0.06713009,-0.079684526,-0.07508846,-0.08842805,-0.08035627,-0.09166683,-0.08972843,-0.07142292,-0.097528294,-0.08231931,-0.079407655,-0.082609646,-0.090167925,-0.076632656,-0.08398381,-0.085476555,-0.08115248,-0.08052378,-0.08435516,-0.08992497,-0.08414352,-0.089510925
-0.13091564,-0.19239573,-0.108567625,8.570059e-05,-0.08382811,-0.08972623,-0.083619066,-0.07759099,-0.076190814,-0.08439824,-0.06518263,-0.09976638,-0.080831744,-0.097249635,-0.108317666,-0.09469676,-0.07852046,-0.084228165,-0.08434415,-0.086378336,-0.08535151,-0.08864106,-0.104672536,-0.088634126,-0.07367429,-0.08567898,-0.083130665,-0.08705312,-0.10170576,-0.07093668,-0.078267045,-0.09703173,-0.08991239,-0.090124376,-0.086325526,-0.089175954,-0.07249425,-0.09509958,-0.089311704,-0.091081575,-0.07326219,-0.0853179,-0.072758704,-0.08044901,-0.07572173,-0.07061012,-0.07687921,-0.08754145,-0.08411454,-0.08117704,-0.07412435,-0.07404818,-0.08937304,-0.09528805,-0.07182702,-0.08285139,-0.0665233,-0.07893519,-0.05896554,-0.09710029,-0.07515083,-0.09547264,-0.08302469,-0.081421554,-0.09229298,-0.08544308,-0.08533944,-0.07352085,-0.07925028,-0.072162665,-0.07198911,-0.08461845,-0.0849111,-0.076193064,-0.08222368,-0.108962506,-0.08757253,-0.07130525,-0.08359249,-0.09691525,-0.09386185,-0.08667129,-0.08333115,-0.06709243,-0.07968621,-0.07508071,-0.08846848,-0.080364525,-0.091665104,-0.089763805,-0.071425006,-0.09752144,-0.08233967,-0.079399765,-0.08261541,-0.09018324,-0.07660878,-0.08398209,-0.08548873,-0.08116033,-0.0805355,-0.084354796,-0.089964576,-0.08416621,-0.08950485
-0.65151274,0.022231985,0.10605995,8.5719745e-05,-0.08382797,-0.08972649,-0.083613366,-0.077587225,-0.076183654,-0.08440006,-0.06517852,-0.09977068,-0.08083319,-0.097248346,-0.108321056,-0.09470357,-0.07852134,-0.084229395,-0.084341004,-0.08637393,-0.085359484,-0.08864977,-0.104681104,-0.08863899,-0.07366946,-0.085673586,-0.08313314,-0.08705508,-0.10170933,-0.070943244,-0.078267194,-0.09702773,-0.08990493,-0.09012219,-0.08631898,-0.08916935,-0.072494775,-0.09509745,-0.08930651,-0.091081694,-0.07325757,-0.08531321,-0.0727625,-0.08044357,-0.07572695,-0.07060822,-0.07688668,-0.08754417,-0.084107704,-0.08117213,-0.074116066,-0.07405251,-0.08937103,-0.09528709,-0.071826965,-0.082857974,-0.06652167,-0.078934565,-0.058952063,-0.0970958,-0.07515317,-0.0954783,-0.08302057,-0.0814203,-0.09229064,-0.08543742,-0.08534825,-0.07352357,-0.079247385,-0.07216634,-0.071985744,-0.08461113,-0.08490839,-0.076202825,-0.082204476,-0.1089602,-0.08756679,-0.07131529,-0.08358059,-0.096909754,-0.09386067,-0.086675376,-0.08333053,-0.06707688,-0.079686865,-0.07507753,-0.08848516,-0.08036786,-0.09166437,-0.08977848,-0.071425915,-0.097518645,-0.08234813,-0.079396494,-0.08261781,-0.0901896,-0.0765989,-0.08398144,-0.08549376,-0.081163555,-0.08054034,-0.08435463,-0.08998094,-0.08417553,-0.08950233
-1.5705235,-0.32527822,-0.2414505,8.575397e-05,-0.08382772,-0.08972702,-0.08360329,-0.077580474,-0.0761711,-0.084403366,-0.06517125,-0.0997783,-0.08083576,-0.09724613,-0.108327,-0.09471567,-0.078522846,-0.08423153,-0.08433565,-0.08636607,-0.08537342,-0.08866522,-0.1046962,-0.088647574,-0.07366094,-0.085663915,-0.083137624,-0.08705862,-0.101715505,-0.07095479,-0.07826733,-0.09702068,-0.08989177,-0.09011832,-0.08630739,-0.08915772,-0.072495684,-0.09509363,-0.089297295,-0.0910818,-0.07324938,-0.08530494,-0.07276915,-0.08043393,-0.0757362,-0.070604876,-0.07689988,-0.08754891,-0.08409565,-0.08116338,-0.07410151,-0.07406015,-0.08936759,-0.09528546,-0.07182682,-0.0828696,-0.06651875,-0.07893341,-0.05892842,-0.09708783,-0.0751572,-0.0954883,-0.083013326,-0.081418,-0.09228651,-0.08542745,-0.08536373,-0.07352826,-0.07924225,-0.07217269,-0.0719798,-0.08459821,-0.084903754,-0.07621994,-0.08217068,-0.10895623,-0.087556526,-0.071333036,-0.083559625,-0.09690012,-0.09385876,-0.08668266,-0.08332944,-0.067049414,-0.079688095,-0.075071886,-0.08851469,-0.08037384,-0.09166318,-0.08980431,-0.07142756,-0.09751366,-0.082363024,-0.07939076,-0.082622014,-0.09020083,-0.076581456,-0.0839802,-0.08550266,-0.08116927,-0.08054879,-0.08435447,-0.0900099,-0.0841921,-0.08949791
1.38711,-0.0017579261,0.08207059,8.564469e-05,-0.08382852,-0.08972538,-0.08363566,-0.077602126,-0.07621162,-0.08439283,-0.06519465,-0.09975375,-0.08082754,-0.097253226,-0.1083078,-0.09467685,-0.07851796,-0.084224604,-0.08435317,-0.08639127,-0.08532846,-0.08861557,-0.10464755,-0.088619925,-0.07368836,-0.08569492,-0.08312325,-0.08704744,-0.101695515,-0.07091771,-0.078266725,-0.09704347,-0.08993412,-0.09013084,-0.08634464,-0.0891952,-0.07249273,-0.09510591,-0.0893268,-0.09108128,-0.073275656,-0.08533245,-0.072747745,-0.08046488,-0.07570646,-0.07061558,-0.07685746,-0.08753361,-0.084134474,-0.08119152,-0.07414848,-0.074035585,-0.08937873,-0.09529078,-0.071827315,-0.082832105,-0.066528074,-0.07893706,-0.059004717,-0.09711349,-0.07514419,-0.0954561,-0.08303664,-0.081425376,-0.09229979,-0.08545957,-0.085313804,-0.07351306,-0.07925873,-0.07215207,-0.07199901,-0.08463981,-0.08491883,-0.07616478,-0.08227956,-0.10896904,-0.087589435,-0.07127598,-0.08362734,-0.09693116,-0.09386514,-0.086659275,-0.083332956,-0.067137845,-0.0796842,-0.07509006,-0.088419735,-0.08035457,-0.09166718,-0.08972109,-0.0714224,-0.09752969,-0.08231505,-0.079409316,-0.08260844,-0.09016477,-0.07663761,-0.08398414,-0.085474014,-0.081150845,-0.08052143,-0.08435522,-0.089916736,-0.08413883,-0.08951214
-0.93415844,0.02325098,0.10707888,8.5730324e-05,-0.0838279,-0.08972667,-0.08361029,-0.07758514,-0.07617978,-0.08440111,-0.06517626,-0.09977303,-0.080833964,-0.09724767,-0.10832287,-0.09470731,-0.07852177,-0.08423004,-0.08433941,-0.086371504,-0.085363746,-0.08865452,-0.10468577,-0.08864162,-0.073666826,-0.085670605,-0.08313453,-0.08705614,-0.1017112,-0.07094682,-0.07826721,-0.09702559,-0.08990091,-0.09012102,-0.08631538,-0.089165814,-0.07249508,-0.09509629,-0.08930367,-0.09108172,-0.07325507,-0.08531065,-0.072764546,-0.08044064,-0.07572984,-0.07060717,-0.076890714,-0.08754557,-0.08410401,-0.081169434,-0.07411159,-0.074054874,-0.089369975,-0.09528662,-0.0718269,-0.08286155,-0.066520736,-0.07893419,-0.05894481,-0.09709333,-0.0751544,-0.09548138,-0.083018325,-0.081419595,-0.09228938,-0.08543437,-0.08535301,-0.073525,-0.0792458,-0.07216829,-0.07198389,-0.08460713,-0.08490699,-0.07620808,-0.08219407,-0.10895901,-0.087563604,-0.071320705,-0.083574146,-0.096906796,-0.093860105,-0.08667767,-0.08333016,-0.06706843,-0.07968727,-0.07507582,-0.088494256,-0.08036973,-0.09166404,-0.08978643,-0.07142644,-0.09751711,-0.08235265,-0.079394735,-0.08261913,-0.09019308,-0.07659355,-0.08398106,-0.085496515,-0.08116534,-0.08054295,-0.08435461,-0.08998984,-0.08418065,-0.08950097
-0.1531657,0.15728846,0.24111657,8.570133e-05,-0.08382811,-0.08972622,-0.08361882,-0.07759083,-0.07619049,-0.084398285,-0.065182485,-0.09976654,-0.080831796,-0.09724954,-0.108317815,-0.09469711,-0.07852048,-0.08422818,-0.08434403,-0.08637818,-0.085351884,-0.08864138,-0.104672894,-0.08863435,-0.07367405,-0.08567876,-0.08313075,-0.08705322,-0.1017059,-0.07093699,-0.07826704,-0.09703157,-0.089912094,-0.09012429,-0.086325206,-0.08917569,-0.072494246,-0.09509948,-0.08931148,-0.091081604,-0.073261976,-0.08531768,-0.0727589,-0.08044881,-0.07572193,-0.07061006,-0.0768795,-0.08754156,-0.08411425,-0.08117683,-0.07412395,-0.074048385,-0.08937292,-0.09528801,-0.07182701,-0.08285164,-0.066523194,-0.07893517,-0.058964953,-0.09710011,-0.07515094,-0.09547288,-0.08302452,-0.08142154,-0.092292875,-0.08544283,-0.085339785,-0.07352102,-0.07925016,-0.072162814,-0.071989,-0.084618144,-0.08491095,-0.0761935,-0.08222282,-0.10896239,-0.08757229,-0.07130568,-0.083591975,-0.09691499,-0.0938618,-0.08667145,-0.083331116,-0.0670918,-0.079686254,-0.075080596,-0.08846916,-0.0803646,-0.09166503,-0.08976443,-0.071425095,-0.09752137,-0.08234,-0.07939959,-0.08261553,-0.090183556,-0.076608375,-0.08398208,-0.08548893,-0.08116044,-0.080535725,-0.08435482,-0.089965254,-0.08416656,-0.08950475
-1.0174332,-0.023718756,0.06010912,8.573339e-05,-0.083827876,-0.08972671,-0.08360936,-0.077584505,-0.07617866,-0.08440143,-0.06517561,-0.09977373,-0.08083417,-0.09724747,-0.10832342,-0.09470844,-0.078521915,-0.08423024,-0.08433892,-0.086370796,-0.08536503,-0.08865589,-0.10468709,-0.08864243,-0.07366607,-0.08566968,-0.083134934,-0.087056465,-0.10171177,-0.07094783,-0.0782673,-0.09702493,-0.089899674,-0.09012064,-0.08631438,-0.08916475,-0.07249514,-0.095095955,-0.08930285,-0.09108176,-0.07325433,-0.0853099,-0.072765134,-0.080439754,-0.075730644,-0.07060687,-0.07689194,-0.087546036,-0.084102884,-0.08116865,-0.07411029,-0.07405554,-0.08936971,-0.09528645,-0.071826935,-0.08286259,-0.066520505,-0.07893411,-0.05894268,-0.097092606,-0.07515477,-0.09548232,-0.08301772,-0.08141942,-0.092289016,-0.0854335,-0.0853544,-0.07352542,-0.079245366,-0.072168805,-0.07198332,-0.08460598,-0.08490655,-0.07620959,-0.08219103,-0.10895868,-0.08756267,-0.07132236,-0.08357222,-0.09690591,-0.09385994,-0.086678326,-0.08333012,-0.067065954,-0.07968738,-0.07507527,-0.088496946,-0.080370255,-0.091663934,-0.08978877,-0.071426615,-0.09751667,-0.08235404,-0.079394184,-0.08261948,-0.09019409,-0.076592,-0.08398093,-0.08549731,-0.08116582,-0.08054372,-0.08435456,-0.089992456,-0.08418211,-0.08950055
0.6591852,0.091872334,0.17570065,8.567144e-05,-0.083828315,-0.08972577,-0.08362773,-0.07759677,-0.07620162,-0.08439546,-0.06518887,-0.09975982,-0.08082951,-0.09725147,-0.108312555,-0.09468637,-0.07851912,-0.0842263,-0.08434878,-0.086385116,-0.08533953,-0.088627785,-0.10465949,-0.08862673,-0.073681615,-0.08568731,-0.08312679,-0.087050214,-0.10170042,-0.07092676,-0.07826691,-0.097037844,-0.08992372,-0.09012776,-0.08633546,-0.08918599,-0.072493464,-0.09510293,-0.08931956,-0.09108144,-0.073269166,-0.0853251,-0.07275298,-0.080457285,-0.07571381,-0.07061297,-0.07686786,-0.08753736,-0.08412487,-0.0811846,-0.07413689,-0.07404159,-0.08937597,-0.095289454,-0.07182718,-0.08284138,-0.066525795,-0.07893617,-0.05898589,-0.09710716,-0.075147435,-0.09546404,-0.08303091,-0.08142354,-0.09229653,-0.085451655,-0.08532613,-0.07351679,-0.079254664,-0.07215716,-0.07199431,-0.08462955,-0.08491514,-0.07617837,-0.08225278,-0.10896589,-0.087581284,-0.07129006,-0.08361056,-0.096923545,-0.09386356,-0.086665034,-0.08333207,-0.06711609,-0.079685114,-0.07508557,-0.088443086,-0.080359325,-0.09166619,-0.089741565,-0.071423665,-0.09752576,-0.08232687,-0.07940472,-0.08261179,-0.09017362,-0.07662379,-0.0839832,-0.08548107,-0.081155434,-0.08052812,-0.084355,-0.08993965,-0.08415196,-0.08950866
1.644794,0.2580616,0.34189016,8.563542e-05,-0.08382858,-0.08972526,-0.08363852,-0.07760396,-0.07621514,-0.0843919,-0.06519668,-0.09975162,-0.08082682,-0.097253844,-0.10830614,-0.094673485,-0.07851747,-0.08422403,-0.084354736,-0.08639351,-0.08532449,-0.08861122,-0.104643285,-0.08861756,-0.073690765,-0.085697584,-0.08312197,-0.08704647,-0.10169378,-0.07091443,-0.07826667,-0.09704542,-0.08993782,-0.090132,-0.08634786,-0.08919845,-0.07249246,-0.095107,-0.0893294,-0.09108123,-0.07327797,-0.08533508,-0.07274589,-0.08046758,-0.075703904,-0.07061653,-0.0768537,-0.087532245,-0.08413781,-0.08119396,-0.07415253,-0.07403343,-0.08937969,-0.095291205,-0.0718273,-0.08282882,-0.06652885,-0.078937344,-0.059011348,-0.09711568,-0.075143084,-0.09545331,-0.08303869,-0.08142595,-0.09230098,-0.085462384,-0.085309476,-0.07351177,-0.07926017,-0.07215023,-0.07200069,-0.08464347,-0.0849201,-0.07616002,-0.08228906,-0.10897019,-0.08759228,-0.071270995,-0.083633274,-0.096933894,-0.09386565,-0.086657226,-0.08333325,-0.06714558,-0.07968388,-0.075091615,-0.088411584,-0.080352895,-0.09166749,-0.08971384,-0.07142195,-0.09753108,-0.08231087,-0.07941091,-0.08260728,-0.090161644,-0.076642446,-0.08398452,-0.08547153,-0.08114929,-0.08051899,-0.08435529,-0.08990863,-0.08413418,-0.08951339
-1.0629954,-0.29072955,-0.20690167,8.5735104e-05,-0.083827876,-0.089726776,-0.083608866,-0.07758422,-0.07617804,-0.08440153,-0.06517524,-0.09977407,-0.08083432,-0.09724737,-0.10832378,-0.094709,-0.07852205,-0.08423029,-0.0843386,-0.086370416,-0.0853657,-0.08865671,-0.104687884,-0.0886428,-0.073665634,-0.085669264,-0.08313514,-0.08705662,-0.101712056,-0.07094839,-0.07826725,-0.09702457,-0.08989904,-0.090120465,-0.086313814,-0.08916418,-0.07249519,-0.095095724,-0.089302436,-0.09108172,-0.07325393,-0.08530949,-0.07276549,-0.080439225,-0.075731084,-0.07060674,-0.07689263,-0.08754626,-0.08410229,-0.081168175,-0.07410954,-0.0740559,-0.08936952,-0.095286414,-0.07182692,-0.08286321,-0.06652038,-0.07893404,-0.05894149,-0.09709222,-0.075154975,-0.09548282,-0.083017334,-0.081419274,-0.092288785,-0.08543299,-0.08535515,-0.07352567,-0.07924509,-0.07216919,-0.07198309,-0.084605396,-0.084906325,-0.07621045,-0.08218938,-0.10895844,-0.087562166,-0.07132323,-0.08357122,-0.09690543,-0.093859844,-0.0866786,-0.08333004,-0.0670646,-0.07968745,-0.07507499,-0.088498354,-0.080370516,-0.09166387,-0.08979002,-0.07142671,-0.09751645,-0.082354784,-0.07939397,-0.0826197,-0.090194635,-0.076591104,-0.083980925,-0.08549775,-0.08116612,-0.080544084,-0.08435455,-0.08999388,-0.08418298,-0.08950034
1.3785517,0.16219412,0.24602261,8.564513e-05,-0.0838285,-0.08972536,-0.08363562,-0.07760203,-0.076211475,-0.08439287,-0.06519458,-0.09975383,-0.08082756,-0.09725319,-0.10830783,-0.09467694,-0.0785179,-0.08422462,-0.0843531,-0.08639121,-0.085328564,-0.0886157,-0.104647696,-0.08862004,-0.073688276,-0.08569485,-0.08312328,-0.087047495,-0.10169556,-0.070917785,-0.07826676,-0.097043395,-0.08993403,-0.0901308,-0.08634453,-0.0891951,-0.072492726,-0.09510588,-0.08932671,-0.09108131,-0.07327558,-0.08533239,-0.072747774,-0.08046476,-0.07570656,-0.07061555,-0.07685754,-0.08753364,-0.084134325,-0.0811914,-0.07414832,-0.074035645,-0.089378685,-0.095290735,-0.07182727,-0.08283225,-0.06652804,-0.07893708,-0.059004474,-0.09711339,-0.07514423,-0.0954562,-0.08303655,-0.08142531,-0.092299774,-0.085459486,-0.08531397,-0.073513106,-0.07925868,-0.072152115,-0.071998954,-0.08463965,-0.08491876,-0.076164976,-0.08227929,-0.10896902,-0.08758935,-0.07127612,-0.08362715,-0.09693108,-0.093865074,-0.08665934,-0.08333295,-0.067137636,-0.079684205,-0.07508999,-0.08842004,-0.08035461,-0.091667116,-0.089721285,-0.07142238,-0.09752968,-0.08231524,-0.079409234,-0.08260846,-0.09016489,-0.07663741,-0.08398414,-0.08547413,-0.08115092,-0.08052151,-0.084355235,-0.089917034,-0.084138975,-0.08951211
-0.94887376,-0.3272417,-0.24341379,8.573085e-05,-0.0838279,-0.08972668,-0.0836101,-0.07758504,-0.076179594,-0.084401146,-0.06517617,-0.09977313,-0.08083401,-0.097247615,-0.108322985,-0.09470749,-0.07852183,-0.08423003,-0.08433928,-0.08637138,-0.08536399,-0.08865479,-0.10468599,-0.08864177,-0.073666714,-0.08567045,-0.08313457,-0.08705622,-0.10171129,-0.070946984,-0.07826723,-0.09702547,-0.08990064,-0.09012096,-0.086315244,-0.08916559,-0.07249505,-0.095096216,-0.08930358,-0.091081746,-0.0732549,-0.085310556,-0.07276466,-0.08044049,-0.075729944,-0.0706071,-0.076890975,-0.087545656,-0.0841038,-0.08116924,-0.07411138,-0.074054964,-0.08936993,-0.09528658,-0.071826905,-0.08286173,-0.06652071,-0.07893419,-0.058944434,-0.097093225,-0.07515447,-0.095481545,-0.083018236,-0.08141955,-0.092289284,-0.08543417,-0.08535324,-0.07352507,-0.07924571,-0.072168395,-0.071983755,-0.08460698,-0.08490689,-0.07620836,-0.08219351,-0.108958974,-0.08756343,-0.07132104,-0.083573826,-0.09690665,-0.09386006,-0.086677715,-0.08333018,-0.067067996,-0.07968726,-0.07507574,-0.0884947,-0.080369815,-0.09166401,-0.08978679,-0.071426496,-0.097517006,-0.08235297,-0.079394646,-0.08261916,-0.09019326,-0.076593235,-0.08398106,-0.085496664,-0.08116538,-0.080543086,-0.08435461,-0.08999028,-0.08418091,-0.089500904
-1.9203706,-0.26483357,-0.18100592,8.5767155e-05,-0.08382764,-0.08972724,-0.08359945,-0.07757798,-0.076166295,-0.08440459,-0.065168455,-0.09978122,-0.080836706,-0.09724529,-0.10832931,-0.09472023,-0.078523435,-0.0842323,-0.08433359,-0.0863631,-0.08537874,-0.08867109,-0.10470197,-0.08865084,-0.07365768,-0.08566027,-0.08313931,-0.087059826,-0.101717904,-0.07095918,-0.07826743,-0.09701795,-0.08988677,-0.090116814,-0.08630296,-0.0891533,-0.07249608,-0.09509219,-0.08929383,-0.09108189,-0.07324631,-0.08530174,-0.07277167,-0.0804303,-0.07573968,-0.07060364,-0.07690489,-0.0875507,-0.08409105,-0.08116005,-0.07409592,-0.07406303,-0.08936627,-0.09528486,-0.07182675,-0.08287407,-0.06651768,-0.078933,-0.05891934,-0.09708476,-0.075158745,-0.09549216,-0.083010584,-0.08141716,-0.09228496,-0.08542366,-0.08536966,-0.07353005,-0.07924034,-0.07217513,-0.07197747,-0.084593296,-0.084901825,-0.07622644,-0.08215779,-0.108954735,-0.0875526,-0.071339734,-0.08355167,-0.09689639,-0.093858,-0.08668542,-0.083329014,-0.06703892,-0.07968859,-0.07506978,-0.08852592,-0.080376126,-0.091662705,-0.08981415,-0.07142816,-0.097511776,-0.082368694,-0.07938858,-0.082623586,-0.09020509,-0.07657485,-0.08397974,-0.085506044,-0.08117144,-0.080552064,-0.08435435,-0.09002086,-0.08419835,-0.089496225
-1.1238296,-0.12606862,-0.042240776,8.573734e-05,-0.083827846,-0.08972679,-0.08360817,-0.07758378,-0.0761772,-0.084401816,-0.06517483,-0.099774584,-0.0808345,-0.0972472,-0.10832414,-0.094709806,-0.078522176,-0.08423045,-0.08433824,-0.08636989,-0.085366644,-0.08865766,-0.10468889,-0.0886434,-0.07366508,-0.08566861,-0.08313545,-0.08705688,-0.10171248,-0.07094915,-0.07826729,-0.09702411,-0.08989816,-0.090120226,-0.08631303,-0.08916336,-0.07249522,-0.09509546,-0.08930182,-0.091081746,-0.07325337,-0.08530894,-0.072765894,-0.08043861,-0.0757317,-0.0706065,-0.07689345,-0.08754655,-0.08410152,-0.08116759,-0.07410859,-0.07405645,-0.08936927,-0.09528629,-0.07182691,-0.08286394,-0.0665202,-0.07893397,-0.05893993,-0.09709168,-0.07515523,-0.09548347,-0.08301682,-0.08141914,-0.09228856,-0.085432276,-0.08535616,-0.07352592,-0.07924472,-0.07216958,-0.07198265,-0.084604494,-0.08490606,-0.076211624,-0.082187094,-0.10895818,-0.0875615,-0.0713244,-0.083569854,-0.09690483,-0.09385973,-0.086679146,-0.083329976,-0.06706279,-0.079687536,-0.07507463,-0.08850035,-0.08037091,-0.091663755,-0.08979177,-0.07142674,-0.097516105,-0.082355775,-0.07939357,-0.08261999,-0.09019538,-0.07658993,-0.08398079,-0.08549836,-0.08116653,-0.08054467,-0.08435451,-0.089995764,-0.08418407,-0.089500085
-0.8091631,0.022844018,0.10667195,8.572564e-05,-0.083827935,-0.089726634,-0.083611645,-0.07758604,-0.07618151,-0.084400676,-0.06517728,-0.099771954,-0.08083364,-0.09724795,-0.10832209,-0.094705686,-0.0785216,-0.08422974,-0.08434014,-0.08637254,-0.0853618,-0.0886524,-0.10468366,-0.08864047,-0.07366804,-0.085671894,-0.08313398,-0.0870557,-0.101710334,-0.07094523,-0.0782672,-0.09702651,-0.08990267,-0.090121575,-0.08631698,-0.08916737,-0.07249489,-0.095096834,-0.089304954,-0.0910817,-0.07325617,-0.085311785,-0.07276367,-0.080441914,-0.075728536,-0.07060762,-0.07688895,-0.08754495,-0.08410569,-0.08117059,-0.07411358,-0.07405381,-0.08937046,-0.09528682,-0.07182691,-0.08285998,-0.06652118,-0.07893434,-0.058948018,-0.097094454,-0.075153865,-0.09548003,-0.083019294,-0.08141993,-0.09228998,-0.08543571,-0.08535088,-0.073524356,-0.07924648,-0.07216745,-0.07198472,-0.08460893,-0.08490765,-0.076205745,-0.08219871,-0.10895956,-0.087565,-0.071318336,-0.08357703,-0.09690811,-0.09386039,-0.086676635,-0.08333037,-0.06707219,-0.079687096,-0.07507656,-0.08849027,-0.08036886,-0.0916642,-0.0897829,-0.07142623,-0.09751782,-0.082350686,-0.07939554,-0.082618505,-0.090191565,-0.076595925,-0.08398121,-0.085495286,-0.08116454,-0.08054177,-0.08435465,-0.08998586,-0.08417838,-0.08950157
-0.0023095608,0.13613136,0.2199595,8.569575e-05,-0.083828144,-0.089726135,-0.08362046,-0.07759197,-0.07619259,-0.08439781,-0.06518364,-0.09976531,-0.08083141,-0.09724989,-0.10831684,-0.094695084,-0.07852021,-0.08422789,-0.08434489,-0.086379476,-0.085349575,-0.0886389,-0.104670376,-0.088632956,-0.07367545,-0.085680366,-0.08313001,-0.08705265,-0.10170486,-0.07093512,-0.078267045,-0.09703278,-0.08991424,-0.09012497,-0.086327136,-0.089177616,-0.07249408,-0.09510014,-0.089312956,-0.09108154,-0.07326334,-0.08531903,-0.07275779,-0.0804504,-0.07572043,-0.07061058,-0.076877326,-0.08754078,-0.08411622,-0.08117825,-0.074126415,-0.07404714,-0.089373484,-0.09528827,-0.07182707,-0.08284978,-0.066523716,-0.078935355,-0.058968864,-0.09710142,-0.07515028,-0.09547125,-0.083025694,-0.0814219,-0.09229356,-0.08544444,-0.08533732,-0.073520176,-0.079251,-0.07216178,-0.071989976,-0.08462026,-0.08491175,-0.07619071,-0.08222841,-0.10896304,-0.087573975,-0.071302794,-0.08359539,-0.096916616,-0.093862124,-0.08667028,-0.08333132,-0.06709626,-0.07968601,-0.07508157,-0.08846434,-0.08036363,-0.09166529,-0.08976017,-0.07142483,-0.09752215,-0.08233762,-0.07940057,-0.082614824,-0.090181686,-0.076611236,-0.08398233,-0.085487515,-0.08115953,-0.08053427,-0.084354825,-0.08996051,-0.08416384,-0.08950546
1.183223,0.37344038,0.45726883,8.565228e-05,-0.08382846,-0.08972547,-0.083633475,-0.07760058,-0.076208815,-0.08439356,-0.065193035,-0.09975549,-0.080828086,-0.09725273,-0.108309165,-0.094679505,-0.07851828,-0.08422507,-0.08435188,-0.08638959,-0.085331514,-0.08861897,-0.1046509,-0.08862187,-0.07368642,-0.085692756,-0.08312421,-0.08704821,-0.10169688,-0.0709202,-0.07826678,-0.09704184,-0.08993123,-0.09012994,-0.08634202,-0.08919262,-0.07249292,-0.095105045,-0.08932479,-0.091081336,-0.07327386,-0.08533043,-0.07274922,-0.080462754,-0.0757085,-0.07061482,-0.07686035,-0.08753468,-0.08413179,-0.081189565,-0.074145205,-0.074037254,-0.08937798,-0.09529041,-0.07182726,-0.08283473,-0.066527426,-0.07893682,-0.058999427,-0.097111754,-0.075145125,-0.095458314,-0.08303505,-0.081424825,-0.09229888,-0.08545735,-0.085317284,-0.07351412,-0.07925757,-0.07215347,-0.07199768,-0.084636904,-0.084917784,-0.07616858,-0.08227204,-0.10896817,-0.08758714,-0.07127989,-0.083622664,-0.096929066,-0.09386472,-0.086660884,-0.083332695,-0.06713176,-0.07968444,-0.0750888,-0.08842624,-0.08035595,-0.09166688,-0.089726835,-0.07142272,-0.09752861,-0.082318366,-0.07940802,-0.0826094,-0.09016724,-0.07663369,-0.0839839,-0.08547599,-0.08115211,-0.080523305,-0.084355175,-0.08992316,-0.08414251,-0.08951117
-0.58964574,-0.16358487,-0.079756886,8.571757e-05,-0.08382799,-0.089726515,-0.08361403,-0.07758767,-0.07618453,-0.08439991,-0.06517903,-0.09977017,-0.08083299,-0.097248524,-0.10832064,-0.094702765,-0.07852125,-0.0842292,-0.084341444,-0.08637446,-0.08535848,-0.08864871,-0.1046801,-0.08863842,-0.07367002,-0.08567417,-0.08313289,-0.08705485,-0.10170887,-0.07094244,-0.078267135,-0.097028196,-0.089905806,-0.09012248,-0.08631972,-0.08917013,-0.07249473,-0.09509772,-0.08930714,-0.09108165,-0.07325813,-0.08531377,-0.072762065,-0.08044421,-0.07572631,-0.07060845,-0.076885775,-0.08754381,-0.08410849,-0.08117267,-0.07411707,-0.074052,-0.089371316,-0.09528723,-0.07182694,-0.08285719,-0.06652184,-0.0789346,-0.05895374,-0.09709632,-0.07515291,-0.095477656,-0.0830211,-0.081420444,-0.09229094,-0.08543807,-0.08534712,-0.073523216,-0.07924772,-0.07216588,-0.07198614,-0.08461201,-0.08490873,-0.07620162,-0.08220674,-0.10896051,-0.08756741,-0.07131409,-0.08358206,-0.09691042,-0.09386084,-0.086674914,-0.083330594,-0.06707869,-0.07968679,-0.075077906,-0.08848323,-0.08036746,-0.09166448,-0.08977669,-0.07142583,-0.09751899,-0.0823471,-0.079396896,-0.082617484,-0.0901889,-0.076600045,-0.08398154,-0.08549313,-0.08116319,-0.08053972,-0.084354684,-0.08997898,-0.08417443,-0.08950265
0.5652108,0.025450436,0.10927873,8.567491e-05,-0.08382829,-0.08972586,-0.08362668,-0.07759607,-0.076200314,-0.08439575,-0.06518814,-0.09976061,-0.08082979,-0.09725129,-0.108313136,-0.09468766,-0.078519285,-0.084226534,-0.08434821,-0.08638429,-0.08534094,-0.08862938,-0.10466108,-0.08862761,-0.07368073,-0.08568637,-0.08312723,-0.08705054,-0.10170107,-0.07092797,-0.078266926,-0.09703709,-0.08992238,-0.09012735,-0.08633427,-0.08918478,-0.07249354,-0.09510249,-0.08931859,-0.091081485,-0.07326838,-0.0853242,-0.07275369,-0.08045631,-0.07571471,-0.07061262,-0.07686923,-0.08753788,-0.08412368,-0.081183665,-0.0741354,-0.074042395,-0.08937563,-0.09528926,-0.07182713,-0.08284255,-0.0665255,-0.07893607,-0.05898349,-0.09710633,-0.07514781,-0.09546505,-0.08303017,-0.08142332,-0.0922961,-0.085450634,-0.085327685,-0.0735173,-0.07925416,-0.07215779,-0.07199365,-0.08462824,-0.084914595,-0.07618013,-0.082249336,-0.108965494,-0.08758025,-0.07129182,-0.08360845,-0.09692253,-0.09386335,-0.08666579,-0.08333197,-0.06711328,-0.079685286,-0.075085,-0.088446125,-0.08035994,-0.091666065,-0.089744195,-0.07142382,-0.09752527,-0.08232841,-0.07940415,-0.082612194,-0.09017481,-0.07662199,-0.0839831,-0.08548204,-0.081155986,-0.080529034,-0.08435501,-0.08994265,-0.084153675,-0.08950819
1.5648863,-0.080630496,0.0031980649,8.563825e-05,-0.08382856,-0.089725286,-0.08363763,-0.0776034,-0.076214045,-0.084392205,-0.06519604,-0.099752285,-0.08082702,-0.09725364,-0.108306706,-0.09467448,-0.07851764,-0.084224224,-0.08435427,-0.08639281,-0.08532571,-0.08861257,-0.104644604,-0.08861828,-0.073690005,-0.08569678,-0.08312239,-0.08704676,-0.10169428,-0.07091545,-0.078266725,-0.097044826,-0.0899367,-0.09013161,-0.08634685,-0.08919744,-0.072492555,-0.095106624,-0.08932857,-0.091081254,-0.07327727,-0.08533422,-0.07274649,-0.08046677,-0.0757047,-0.07061624,-0.07685489,-0.08753271,-0.08413681,-0.08119322,-0.07415126,-0.07403413,-0.089379385,-0.095291086,-0.071827315,-0.08282988,-0.0665286,-0.078937255,-0.059009295,-0.09711498,-0.075143434,-0.09545421,-0.08303806,-0.081425756,-0.09230063,-0.08546151,-0.085310824,-0.073512144,-0.079259716,-0.07215084,-0.07200019,-0.08464231,-0.08491969,-0.07616151,-0.082286134,-0.108969845,-0.08759138,-0.07127254,-0.08363143,-0.09693305,-0.09386549,-0.08665783,-0.08333317,-0.06714322,-0.07968394,-0.075091146,-0.08841408,-0.08035338,-0.09166738,-0.089716114,-0.071422115,-0.09753066,-0.08231218,-0.079410374,-0.08260764,-0.09016263,-0.076640904,-0.08398439,-0.08547233,-0.08114976,-0.08051974,-0.08435524,-0.08991114,-0.084135644,-0.08951298
1.7850103,0.29037088,0.3741995,8.563032e-05,-0.08382863,-0.08972516,-0.083640054,-0.07760502,-0.076217026,-0.08439141,-0.06519776,-0.09975048,-0.08082644,-0.09725415,-0.10830524,-0.09467165,-0.07851723,-0.08422371,-0.0843556,-0.08639473,-0.08532239,-0.08860887,-0.10464101,-0.088616244,-0.07369206,-0.08569908,-0.08312132,-0.0870459,-0.10169284,-0.070912644,-0.07826665,-0.09704651,-0.089939825,-0.09013252,-0.08634962,-0.08920024,-0.07249232,-0.0951076,-0.08933076,-0.09108123,-0.07327921,-0.08533647,-0.07274484,-0.08046909,-0.07570246,-0.07061705,-0.07685172,-0.08753152,-0.08413969,-0.0811953,-0.07415479,-0.07403229,-0.08938026,-0.09529147,-0.07182734,-0.082827136,-0.06652933,-0.07893755,-0.059014957,-0.09711693,-0.07514246,-0.09545176,-0.08303982,-0.08142633,-0.0923016,-0.08546385,-0.085307084,-0.07351104,-0.07926093,-0.072149314,-0.072001606,-0.0846454,-0.0849208,-0.07615734,-0.08229423,-0.108970776,-0.08759382,-0.07126826,-0.08363646,-0.09693536,-0.093866006,-0.086656116,-0.083333425,-0.06714973,-0.07968365,-0.07509251,-0.088407114,-0.080351986,-0.0916677,-0.089709915,-0.07142169,-0.09753188,-0.082308635,-0.07941177,-0.082606636,-0.0901599,-0.076645136,-0.083984695,-0.0854702,-0.081148386,-0.08051774,-0.084355295,-0.08990422,-0.08413169,-0.08951406
-0.8880578,0.055632338,0.13946025,8.572866e-05,-0.08382791,-0.08972664,-0.08361077,-0.077585496,-0.076180406,-0.08440095,-0.06517667,-0.099772654,-0.08083386,-0.09724778,-0.108322605,-0.09470667,-0.07852177,-0.08422993,-0.0843397,-0.08637189,-0.08536305,-0.08865374,-0.104684986,-0.0886412,-0.07366728,-0.085671075,-0.08313431,-0.08705602,-0.10171089,-0.0709462,-0.07826722,-0.09702594,-0.08990154,-0.09012123,-0.08631602,-0.08916635,-0.07249501,-0.095096506,-0.08930413,-0.09108175,-0.07325547,-0.08531107,-0.07276422,-0.080441095,-0.0757293,-0.070607334,-0.076890096,-0.08754538,-0.08410457,-0.08116986,-0.0741123,-0.07405448,-0.08937014,-0.095286705,-0.07182688,-0.08286096,-0.066520885,-0.078934245,-0.05894599,-0.097093746,-0.075154185,-0.09548088,-0.0830187,-0.08141975,-0.09228958,-0.08543482,-0.085352235,-0.07352478,-0.07924604,-0.07216792,-0.071984194,-0.08460783,-0.08490722,-0.076207206,-0.08219573,-0.10895922,-0.08756412,-0.07131989,-0.083575234,-0.096907265,-0.09386022,-0.086677276,-0.08333025,-0.06706982,-0.0796872,-0.07507608,-0.08849278,-0.08036942,-0.091664106,-0.089785114,-0.07142635,-0.09751739,-0.08235191,-0.07939499,-0.08261886,-0.09019251,-0.07659441,-0.08398109,-0.0854961,-0.08116504,-0.08054249,-0.08435459,-0.089988366,-0.08417983,-0.08950118
-0.8306987,0.014769468,0.09859739,8.572655e-05,-0.08382792,-0.08972662,-0.083611414,-0.07758588,-0.07618121,-0.08440073,-0.06517708,-0.0997722,-0.08083367,-0.09724792,-0.10832223,-0.094705954,-0.07852166,-0.08422975,-0.08434003,-0.086372405,-0.08536219,-0.088652745,-0.10468407,-0.088640645,-0.073667794,-0.085671715,-0.08313403,-0.087055795,-0.10171048,-0.07094549,-0.07826718,-0.0970264,-0.089902334,-0.090121485,-0.086316735,-0.089167096,-0.072494924,-0.0950967,-0.089304745,-0.091081746,-0.073256,-0.0853116,-0.0727638,-0.08044166,-0.075728774,-0.07060754,-0.076889284,-0.08754504,-0.084105335,-0.08117041,-0.07411325,-0.07405397,-0.08937039,-0.09528681,-0.071826905,-0.08286025,-0.06652108,-0.07893429,-0.058947474,-0.097094215,-0.07515394,-0.09548027,-0.083019145,-0.08141983,-0.092289805,-0.08543548,-0.08535123,-0.07352447,-0.0792464,-0.0721676,-0.071984574,-0.0846086,-0.08490754,-0.07620616,-0.08219789,-0.10895944,-0.08756479,-0.07131872,-0.0835765,-0.096907884,-0.09386036,-0.08667681,-0.083330296,-0.067071505,-0.07968714,-0.075076446,-0.088490956,-0.080368996,-0.09166415,-0.08978354,-0.07142629,-0.09751767,-0.08235103,-0.07939538,-0.082618594,-0.090191826,-0.07659551,-0.083981216,-0.0854955,-0.081164666,-0.08054195,-0.08435458,-0.089986525,-0.08417879,-0.08950145
-0.96990454,-0.24141914,-0.15759124,8.573167e-05,-0.0838279,-0.089726724,-0.08360987,-0.07758491,-0.076179266,-0.08440123,-0.06517599,-0.09977335,-0.080834046,-0.09724758,-0.108323134,-0.09470776,-0.07852182,-0.08423011,-0.0843392,-0.08637121,-0.08536429,-0.08865514,-0.10468632,-0.08864194,-0.073666476,-0.085670225,-0.08313471,-0.087056324,-0.10171142,-0.07094727,-0.07826726,-0.0970253,-0.08990038,-0.09012088,-0.086314954,-0.089165375,-0.07249509,-0.09509611,-0.08930336,-0.09108174,-0.073254734,-0.08531035,-0.07276479,-0.080440246,-0.075730145,-0.07060705,-0.076891266,-0.0875458,-0.08410352,-0.081169024,-0.074111015,-0.07405518,-0.089369856,-0.095286585,-0.07182687,-0.082862005,-0.066520646,-0.07893417,-0.05894386,-0.097093,-0.07515457,-0.0954818,-0.08301805,-0.08141949,-0.0922892,-0.08543392,-0.08535357,-0.07352516,-0.079245634,-0.07216856,-0.07198366,-0.084606685,-0.084906824,-0.07620872,-0.08219278,-0.10895884,-0.08756319,-0.071321435,-0.08357334,-0.096906416,-0.093860045,-0.08667791,-0.08333014,-0.06706737,-0.07968732,-0.0750756,-0.088495426,-0.08036993,-0.09166399,-0.08978743,-0.071426556,-0.09751691,-0.08235329,-0.0793945,-0.08261927,-0.090193525,-0.0765929,-0.08398101,-0.085496835,-0.08116554,-0.08054323,-0.08435456,-0.08999095,-0.08418127,-0.0895008
0.21099067,0.15935971,0.2431879,8.5687905e-05,-0.083828196,-0.089726046,-0.08362279,-0.07759352,-0.0761955,-0.08439703,-0.06518533,-0.099763535,-0.080830775,-0.0972504,-0.108315445,-0.09469228,-0.078519896,-0.08422734,-0.08434616,-0.08638126,-0.0853463,-0.08863535,-0.10466695,-0.08863093,-0.07367745,-0.08568256,-0.08312896,-0.08705185,-0.10170344,-0.07093243,-0.07826699,-0.09703441,-0.089917295,-0.090125866,-0.08632979,-0.0891803,-0.07249391,-0.095101036,-0.08931512,-0.09108155,-0.07326523,-0.08532098,-0.07275625,-0.08045262,-0.07571828,-0.07061131,-0.07687434,-0.08753971,-0.08411902,-0.08118033,-0.074129745,-0.07404534,-0.089374326,-0.09528867,-0.071827106,-0.08284703,-0.06652434,-0.07893562,-0.058974348,-0.09710328,-0.07514938,-0.09546892,-0.083027385,-0.08142244,-0.092294514,-0.08544682,-0.085333645,-0.07351911,-0.079252206,-0.07216028,-0.07199136,-0.08462325,-0.08491283,-0.076186724,-0.08223625,-0.10896394,-0.08757633,-0.07129867,-0.08360029,-0.096918814,-0.093862586,-0.08666859,-0.08333155,-0.067102686,-0.07968573,-0.07508284,-0.088457495,-0.080362216,-0.09166555,-0.08975421,-0.07142446,-0.09752333,-0.08233411,-0.079401895,-0.08261384,-0.090179116,-0.07661526,-0.0839826,-0.0854854,-0.08115819,-0.08053231,-0.084354885,-0.08995377,-0.08416001,-0.08950645
1.8585565,0.23187214,0.3008489,8.2218954e-05,-0.068976775,-0.074889004,-0.068710126,-0.06278398,-0.061366245,-0.069451764,-0.050572477,-0.084656075,-0.06600927,-0.08186391,-0.09306342,-0.0796458,-0.06386543,-0.06947686,-0.06944017,-0.07160443,-0.070506945,-0.07361644,-0.089351,-0.07362979,-0.059076604,-0.07074498,-0.068239674,-0.07231403,-0.08637438,-0.056197815,-0.06348212,-0.08180221,-0.074950546,-0.075304754,-0.0715119,-0.074406356,-0.05758763,-0.080083504,-0.07444332,-0.076172255,-0.058621895,-0.07036477,-0.058254525,-0.06574514,-0.0611759,-0.055763602,-0.062394634,-0.072653525,-0.06944257,-0.06647502,-0.059669726,-0.05952961,-0.07437944,-0.0802706,-0.05726772,-0.067993574,-0.051988192,-0.064032,-0.044881664,-0.08199075,-0.060433347,-0.080412336,-0.06830484,-0.066492654,-0.07724204,-0.07070336,-0.07050366,-0.058828805,-0.06446768,-0.057515066,-0.057374194,-0.06968703,-0.07013435,-0.061433904,-0.06737751,-0.09364341,-0.07262024,-0.056634933,-0.06887438,-0.08187798,-0.07868035,-0.07161753,-0.06841329,-0.052660767,-0.064952955,-0.0605356,-0.07356675,-0.065623276,-0.076560356,-0.074686475,-0.056673724,-0.08225795,-0.0675478,-0.06476287,-0.0676811,-0.075112924,-0.062003545,-0.0689431,-0.07046223,-0.06642715,-0.06580824,-0.069351755,-0.074982755,-0.069205046,-0.07450772
0.34862304,0.3107398,0.39456803,8.568289e-05,-0.083828226,-0.08972601,-0.0836243,-0.0775945,-0.076197386,-0.0843965,-0.06518641,-0.09976238,-0.08083043,-0.097250745,-0.10831454,-0.0946905,-0.07851968,-0.08422699,-0.084347,-0.08638247,-0.0853442,-0.088633016,-0.10466462,-0.088629656,-0.07367873,-0.08568401,-0.08312826,-0.08705133,-0.10170254,-0.07093073,-0.07826694,-0.0970354,-0.08991926,-0.09012648,-0.086331576,-0.08918203,-0.072493754,-0.0951016,-0.089316495,-0.09108149,-0.07326644,-0.08532228,-0.07275522,-0.08045406,-0.075716935,-0.07061186,-0.07687238,-0.08753898,-0.08412081,-0.08118165,-0.07413199,-0.07404419,-0.08937482,-0.09528891,-0.07182711,-0.08284529,-0.06652481,-0.07893579,-0.058977913,-0.09710449,-0.07514873,-0.095467426,-0.08302849,-0.08142278,-0.092295155,-0.085448325,-0.08533131,-0.073518395,-0.07925294,-0.072159335,-0.07199222,-0.08462516,-0.08491356,-0.07618412,-0.08224133,-0.10896459,-0.08757787,-0.07129599,-0.08360348,-0.09692023,-0.09386288,-0.08666749,-0.0833317,-0.067106806,-0.07968555,-0.075083695,-0.08845304,-0.08036134,-0.09166574,-0.0897503,-0.07142417,-0.09752409,-0.08233186,-0.07940276,-0.08261324,-0.090177424,-0.07661788,-0.083982795,-0.08548408,-0.081157364,-0.080531046,-0.08435492,-0.089949444,-0.084157504,-0.08950712
0.032009125,0.077723205,0.16155136,8.569458e-05,-0.083828144,-0.08972614,-0.08362082,-0.0775922,-0.07619303,-0.08439763,-0.065183885,-0.09976501,-0.08083131,-0.09725001,-0.108316615,-0.094694614,-0.07852019,-0.08422778,-0.08434508,-0.08637972,-0.085349075,-0.088638306,-0.10466987,-0.08863262,-0.073675804,-0.08568071,-0.08312982,-0.08705254,-0.10170469,-0.07093471,-0.078267045,-0.09703297,-0.089914724,-0.09012509,-0.086327605,-0.089178026,-0.07249406,-0.09510031,-0.08931331,-0.09108151,-0.073263645,-0.08531934,-0.07275754,-0.08045069,-0.07572008,-0.0706107,-0.0768769,-0.08754063,-0.084116675,-0.081178606,-0.07412689,-0.07404683,-0.089373626,-0.09528833,-0.071827054,-0.082849294,-0.06652382,-0.078935385,-0.05896976,-0.09710175,-0.07515016,-0.095470876,-0.08302593,-0.08142198,-0.09229374,-0.08544482,-0.08533667,-0.07352003,-0.07925118,-0.07216154,-0.0719902,-0.08462075,-0.0849119,-0.076190054,-0.0822297,-0.10896319,-0.087574355,-0.07130206,-0.083596215,-0.09691695,-0.0938622,-0.086669974,-0.08333138,-0.06709732,-0.079685956,-0.07508174,-0.08846325,-0.08036342,-0.09166535,-0.08975923,-0.07142476,-0.097522385,-0.08233701,-0.0794008,-0.08261465,-0.09018131,-0.07661187,-0.083982356,-0.08548718,-0.08115934,-0.080533944,-0.084354855,-0.08995942,-0.08416321,-0.08950559
0.25851154,-0.02628589,0.05754232,8.568613e-05,-0.08382821,-0.08972599,-0.08362329,-0.07759388,-0.07619618,-0.08439684,-0.06518568,-0.09976318,-0.080830656,-0.09725053,-0.10831515,-0.09469169,-0.07851986,-0.08422727,-0.08434642,-0.08638165,-0.08534563,-0.088634506,-0.10466613,-0.08863051,-0.07367788,-0.08568311,-0.08312874,-0.08705166,-0.101703115,-0.07093185,-0.07826698,-0.09703475,-0.089917935,-0.09012607,-0.08633044,-0.08918091,-0.07249389,-0.09510121,-0.08931558,-0.09108151,-0.073265664,-0.0853214,-0.072755925,-0.08045308,-0.07571782,-0.07061151,-0.0768736,-0.087539434,-0.084119655,-0.08118076,-0.07413053,-0.07404494,-0.08937449,-0.09528875,-0.07182711,-0.08284645,-0.0665245,-0.07893568,-0.05897557,-0.09710369,-0.07514915,-0.0954684,-0.083027765,-0.081422575,-0.092294745,-0.08544731,-0.08533283,-0.07351885,-0.07925242,-0.072159946,-0.07199166,-0.0846239,-0.08491305,-0.07618582,-0.08223802,-0.108964145,-0.08757685,-0.07129775,-0.08360142,-0.096919365,-0.09386267,-0.08666823,-0.08333166,-0.06710407,-0.0796857,-0.07508312,-0.088455945,-0.08036192,-0.09166565,-0.08975288,-0.071424395,-0.09752356,-0.08233337,-0.079402216,-0.082613625,-0.090178505,-0.076616175,-0.083982654,-0.08548494,-0.0811579,-0.08053187,-0.08435494,-0.08995229,-0.08415914,-0.08950671
-1.4332494,-0.22183266,-0.1380049,8.574896e-05,-0.08382777,-0.08972699,-0.083604775,-0.077581495,-0.07617297,-0.08440289,-0.0651723,-0.09977719,-0.08083536,-0.09724649,-0.10832612,-0.094713844,-0.07852267,-0.08423119,-0.08433649,-0.086367235,-0.08537136,-0.08866291,-0.104693934,-0.08864633,-0.07366223,-0.08566537,-0.083136976,-0.087058015,-0.10171458,-0.07095307,-0.07826731,-0.09702176,-0.08989373,-0.090118915,-0.086309105,-0.08915946,-0.07249556,-0.09509421,-0.08929868,-0.09108178,-0.07325061,-0.08530618,-0.07276813,-0.08043537,-0.07573487,-0.07060533,-0.07689791,-0.08754819,-0.08409747,-0.08116464,-0.074103676,-0.07405899,-0.08936812,-0.09528574,-0.07182683,-0.08286787,-0.066519186,-0.07893359,-0.058931924,-0.09708901,-0.07515661,-0.09548684,-0.083014406,-0.08141839,-0.09228712,-0.08542891,-0.085361436,-0.073527575,-0.07924304,-0.072171785,-0.07198065,-0.08460013,-0.08490445,-0.07621739,-0.08217572,-0.10895682,-0.087558046,-0.071330406,-0.083562806,-0.09690156,-0.09385907,-0.086681545,-0.083329596,-0.06705352,-0.07968794,-0.07507274,-0.08851033,-0.08037294,-0.09166337,-0.08980043,-0.07142732,-0.097514436,-0.0823608,-0.07939162,-0.08262138,-0.09019916,-0.07658403,-0.08398037,-0.08550134,-0.08116839,-0.080547534,-0.08435441,-0.09000553,-0.08418963,-0.08949858
-1.4183605,-0.025297053,0.058530726,8.5748376e-05,-0.08382778,-0.08972694,-0.083604924,-0.07758163,-0.076173194,-0.084402815,-0.065172456,-0.09977707,-0.0808353,-0.09724654,-0.10832601,-0.09471368,-0.07852262,-0.08423113,-0.08433655,-0.086367354,-0.08537109,-0.08866264,-0.10469369,-0.08864617,-0.073662326,-0.08566552,-0.08313687,-0.08705798,-0.10171447,-0.07095286,-0.078267336,-0.097021855,-0.08989395,-0.09011896,-0.08630937,-0.08915968,-0.07249552,-0.09509422,-0.089298815,-0.09108179,-0.07325074,-0.08530634,-0.07276805,-0.08043555,-0.07573467,-0.0706054,-0.07689766,-0.0875481,-0.08409766,-0.08116482,-0.074103855,-0.07405888,-0.08936817,-0.09528577,-0.07182684,-0.082867704,-0.06651924,-0.07893358,-0.05893235,-0.09708911,-0.07515648,-0.09548667,-0.08301453,-0.081418425,-0.09228723,-0.08542911,-0.085361145,-0.07352752,-0.07924305,-0.07217168,-0.07198072,-0.08460034,-0.08490451,-0.0762171,-0.082176246,-0.10895691,-0.087558225,-0.07133004,-0.08356316,-0.0969017,-0.09385909,-0.08668148,-0.08332965,-0.06705398,-0.07968792,-0.0750728,-0.088509835,-0.080372855,-0.09166338,-0.089800045,-0.07142731,-0.09751448,-0.08236054,-0.07939172,-0.08262132,-0.090198986,-0.07658439,-0.083980404,-0.085501194,-0.08116834,-0.08054746,-0.08435447,-0.09000505,-0.0841894,-0.08949865
1.1281543,0.21832053,0.30214897,8.565422e-05,-0.083828434,-0.08972551,-0.08363283,-0.07760018,-0.07620805,-0.084393784,-0.065192595,-0.0997559,-0.08082828,-0.097252585,-0.10830949,-0.09468025,-0.07851836,-0.08422519,-0.08435155,-0.08638909,-0.08533237,-0.0886199,-0.10465178,-0.088622406,-0.073685974,-0.08569215,-0.08312452,-0.08704842,-0.10169726,-0.07092093,-0.078266814,-0.09704144,-0.089930415,-0.09012976,-0.08634135,-0.08919195,-0.07249297,-0.09510481,-0.08932421,-0.091081336,-0.073273376,-0.08532983,-0.07274962,-0.0804622,-0.07570912,-0.07061462,-0.076861165,-0.08753494,-0.08413107,-0.08118904,-0.07414436,-0.074037746,-0.0893778,-0.09529031,-0.07182723,-0.082835406,-0.06652722,-0.07893673,-0.05899801,-0.09711124,-0.07514536,-0.09545892,-0.083034605,-0.08142465,-0.09229868,-0.08545677,-0.08531821,-0.07351437,-0.0792573,-0.07215389,-0.071997315,-0.08463617,-0.08491752,-0.07616965,-0.08227003,-0.10896793,-0.08758657,-0.071280934,-0.08362137,-0.09692849,-0.09386459,-0.086661346,-0.08333265,-0.06713012,-0.079684496,-0.07508846,-0.08842802,-0.08035627,-0.0916668,-0.08972837,-0.071422845,-0.09752828,-0.08231927,-0.079407655,-0.08260963,-0.090167895,-0.07663269,-0.08398382,-0.085476555,-0.08115249,-0.08052378,-0.084355175,-0.089924924,-0.08414349,-0.089510895
2.038899,0.38082173,0.24826717,4.1329396e-05,0.13255456,0.12851675,0.13249984,0.1372341,0.13836484,0.1319157,0.14563577,0.12125479,0.13457403,0.12320746,0.115416706,0.12487671,0.13624859,0.1325394,0.13219729,0.13073635,0.13133778,0.12954584,0.117888786,0.12931731,0.13968895,0.131842,0.1329709,0.12965664,0.1203759,0.14162247,0.13642974,0.12371338,0.12863739,0.12774698,0.13077576,0.12861021,0.14080524,0.12477362,0.12860115,0.1275304,0.1403452,0.13171239,0.1405377,0.13509803,0.13803859,0.14223062,0.13715161,0.12977032,0.13177714,0.13427138,0.13861485,0.13906777,0.12882723,0.124621965,0.14108886,0.13315147,0.14458655,0.13616577,0.14933492,0.12345327,0.1386129,0.124266975,0.13309759,0.1341566,0.12668961,0.13117161,0.13164335,0.13984881,0.13593791,0.1404208,0.14072815,0.13194163,0.13168977,0.13779825,0.13405673,0.115234956,0.12986374,0.14091426,0.1325377,0.12377371,0.12599641,0.13027143,0.13357599,0.14423151,0.13528451,0.13825898,0.12946591,0.13498962,0.12700585,0.128512,0.14131126,0.123056136,0.1337435,0.13529165,0.13304956,0.12825046,0.13733934,0.13288283,0.1316573,0.13379782,0.13472079,0.13224554,0.12812734,0.13267836,0.12839393
3.5466943,1.6127878,-0.20043147,0.00023301587,1.8132193,1.8244109,1.8082407,1.8070548,1.8048449,1.8175001,1.7810441,1.839897,1.8068608,1.8372086,1.8536409,1.831585,1.8054298,1.8139907,1.8112515,1.8167408,1.8152351,1.8206842,1.8449414,1.8205621,1.7930142,1.8174074,1.8130282,1.8182951,1.8376594,1.7945719,1.7996784,1.8332654,1.8178352,1.8243831,1.8177316,1.8206639,1.7953855,1.827978,1.8262577,1.827635,1.7926793,1.8225672,1.7941836,1.8115374,1.804851,1.7948586,1.8054457,1.8190314,1.8118451,1.8032324,1.7986133,1.8052694,1.82054,1.8331118,1.7947382,1.8118411,1.7815677,1.8073581,1.7717787,1.8353571,1.8001374,1.8282738,1.8113239,1.8111343,1.8247293,1.8155917,1.8137658,1.7962122,1.8076388,1.7950587,1.7879995,1.8160448,1.8139381,1.7986517,1.8111039,1.8563952,1.8098756,1.7880708,1.8142353,1.8349718,1.8289584,1.8192726,1.8089076,1.7894555,1.807926,1.7951292,1.8197559,1.8114326,1.8259237,1.8218573,1.7967931,1.8420373,1.8119518,1.8051555,1.8085252,1.8223146,1.800543,1.8127747,1.8179773,1.805819,1.8100984,1.8111717,1.823792,1.8169914,1.8258989
3.7300968,1.9736804,-0.03556359,0.00024940033,2.009244,2.0254705,2.0030537,2.0101156,2.0018787,2.0076332,1.9776229,2.0407624,2.0024061,2.034418,2.043183,2.0387263,2.0063863,2.0093353,2.0050733,2.00807,2.0133116,2.0214925,2.0467143,2.012229,1.9935788,2.0197847,2.0099072,2.014277,2.025974,1.9917792,2.001276,2.0325894,2.0187125,2.0119083,2.00399,2.0175102,1.9919434,2.0214713,2.0304248,2.0195086,1.9926629,2.0049813,1.9929365,2.0118825,2.0025887,1.9933796,2.00166,2.0050817,2.0064535,2.0023513,1.9912198,2.0064037,2.025942,2.0315492,1.9954785,1.9964015,1.9731356,2.0102243,1.9689451,2.0411575,2.00075,2.0126433,2.008594,2.00625,2.027848,2.0114422,2.0075915,1.9864802,1.9971792,1.9962728,1.9872189,2.004481,2.0053473,1.9852673,2.0019212,2.051049,2.0011418,1.9859084,2.013226,2.0286481,2.0342965,2.0237746,2.0121267,1.9891127,2.0113192,1.9945109,2.0120692,2.0056133,2.023028,2.022879,1.99782,2.0381243,2.004107,1.9964849,2.0118005,2.006904,1.994602,1.999796,2.0014815,2.0009713,2.0049593,2.0045848,2.0115435,2.0168815,2.0194023
3.6193817,1.9316386,0.038768888,0.00024449866,1.8928697,1.9059805,1.8885463,1.8875306,1.8851434,1.898158,1.859661,1.9226271,1.8866332,1.9191535,1.9315306,1.9137329,1.8857765,1.8948708,1.892054,1.8954587,1.8962386,1.9016124,1.9280589,1.899616,1.8725047,1.8984728,1.8939183,1.8995765,1.9129043,1.8740888,1.8795894,1.9155339,1.8989139,1.8986974,1.895054,1.9020619,1.8749546,1.907891,1.9080391,1.9055827,1.8720573,1.8964562,1.8737192,1.8918774,1.8851594,1.874338,1.885837,1.893354,1.8927554,1.88338,1.8785094,1.8856207,1.9019467,1.9153357,1.874297,1.8849915,1.8603264,1.8877589,1.8499277,1.9177465,1.8801728,1.9028529,1.8920511,1.891896,1.9063482,1.8966222,1.8946048,1.8759214,1.8855803,1.8748045,1.8671597,1.8934475,1.8929274,1.8748485,1.8898857,1.9369313,1.8890437,1.8673587,1.8938211,1.9145799,1.9108981,1.9005181,1.8894346,1.868758,1.8885367,1.8748245,1.8990343,1.8921386,1.9077079,1.9032695,1.876512,1.9226747,1.8922912,1.8850082,1.8890843,1.8962377,1.880692,1.8880891,1.8912859,1.8862323,1.8908112,1.891408,1.900879,1.8980708,1.9061574
3.333122,1.3818861,-0.19376504,0.00015006505,1.5756512,1.5847201,1.5714023,1.5705893,1.5689197,1.5787631,1.5499827,1.596837,1.5703726,1.5946283,1.6078854,1.5901536,1.5692928,1.5763233,1.5738119,1.578335,1.577247,1.581802,1.6006689,1.5814859,1.5594685,1.5791998,1.5753797,1.5794286,1.5951698,1.5608726,1.5648525,1.5915669,1.5793166,1.5878533,1.5792116,1.5814844,1.5616051,1.5872687,1.5859654,1.5871797,1.5593671,1.5833838,1.5604719,1.5746223,1.5688763,1.5612617,1.5692626,1.5801295,1.5741737,1.5676873,1.5638931,1.5691439,1.5813468,1.5913748,1.5609689,1.5761386,1.5501386,1.5711062,1.5422066,1.5932219,1.5649614,1.5876013,1.5740955,1.5738584,1.5848716,1.577391,1.5762812,1.5618751,1.5711018,1.5608004,1.5553403,1.5777783,1.5761734,1.5638839,1.5742234,1.6102115,1.5727623,1.5551213,1.5763354,1.5929934,1.5881965,1.5805259,1.5722611,1.5564911,1.5711229,1.560996,1.5809739,1.5742954,1.5856299,1.5826255,1.5625511,1.5987604,1.5744946,1.5691428,1.571761,1.5828598,1.5651445,1.5753851,1.5819111,1.5694925,1.5729221,1.5739223,1.583878,1.5787349,1.5855827
2.730505,0.9005635,-0.004355192,1.33556205e-05,0.9049187,0.90815914,0.90302277,0.90340763,0.90344304,0.9053621,0.8974988,0.9109685,0.9029496,0.91045606,0.91420555,0.90877527,0.9028759,0.9053581,0.9036716,0.9056049,0.90541995,0.9074836,0.9114687,0.9068172,0.900282,0.90685546,0.90467376,0.9050698,0.9107349,0.90119237,0.9019296,0.9095344,0.9061011,0.9080223,0.90594965,0.90628844,0.90142775,0.9082636,0.9078195,0.9085535,0.9010746,0.9084334,0.9010187,0.9047699,0.90291303,0.9018377,0.9028713,0.90618736,0.9034334,0.9027517,0.90127957,0.9028512,0.90659994,0.90931076,0.9013858,0.90503305,0.8971104,0.9043528,0.89464426,0.91014403,0.9014309,0.9082729,0.90480113,0.90403384,0.9080806,0.904983,0.9058345,0.90041876,0.9035775,0.89992326,0.89849776,0.905257,0.9051182,0.90125406,0.90521336,0.9153568,0.9034959,0.8976651,0.9051534,0.9099778,0.9088519,0.90626645,0.90452415,0.8989366,0.9033845,0.900196,0.9072033,0.9049666,0.9075991,0.90746254,0.90124935,0.9121166,0.9044674,0.9028668,0.90348935,0.9071395,0.9011279,0.905443,0.907277,0.9026646,0.90375286,0.9041538,0.9069094,0.9063951,0.90742624
2.7273898,0.75741404,-0.14403492,1.3038203e-05,0.90144897,0.9046591,0.8995637,0.8999565,0.9000071,0.90187955,0.8941221,0.9074215,0.8994959,0.90691507,0.9106156,0.905251,0.8994285,0.90189123,0.90020216,0.9021285,0.90194476,0.90399116,0.9079057,0.9033242,0.89687115,0.9033743,0.90120524,0.9015813,0.9071934,0.8977844,0.8985006,0.90600866,0.9026167,0.904506,0.9024668,0.9027953,0.8980062,0.9047528,0.9043134,0.9050442,0.8976693,0.9049407,0.8976082,0.90130734,0.8994691,0.89842033,0.8994236,0.9027029,0.8999651,0.8993044,0.8978462,0.8994108,0.9031112,0.9057855,0.89797384,0.9015646,0.8937343,0.90089744,0.89129645,0.90661275,0.89799976,0.9047548,0.9013399,0.90056956,0.9045842,0.9015055,0.90236485,0.89699686,0.90012556,0.89650875,0.89509547,0.90177935,0.9016481,0.89782476,0.9017529,0.9117624,0.90003335,0.89426327,0.9016821,0.90644383,0.90534014,0.902774,0.90107125,0.8955371,0.89993113,0.8967768,0.9037156,0.90150416,0.9040896,0.9039642,0.89782417,0.9085685,0.9009999,0.899415,0.9000315,0.9036439,0.89769375,0.90197855,0.90378773,0.8992177,0.9002922,0.90068954,0.9034093,0.90291566,0.9039194
3.136135,1.2818278,-0.074604034,8.888561e-05,1.3564318,1.3636224,1.3529453,1.3524932,1.3513136,1.3585935,1.3368118,1.3726586,1.3522364,1.3709515,1.3812115,1.3674684,1.3514731,1.3571026,1.3548037,1.3584732,1.3577174,1.3614553,1.3754153,1.3609776,1.3440573,1.3595017,1.3561743,1.3590946,1.3715144,1.3452288,1.3482101,1.3686386,1.3593136,1.3656783,1.3592147,1.3608602,1.3459793,1.3652499,1.3642874,1.3653669,1.3441911,1.3627648,1.3449098,1.3556327,1.3512195,1.3457941,1.3514414,1.3597519,1.354975,1.3504336,1.3474334,1.3513411,1.3607839,1.3684037,1.3453555,1.3567076,1.3366816,1.3531866,1.3304973,1.3698851,1.3480479,1.3655688,1.3552891,1.3550049,1.3636339,1.3576518,1.357268,1.3457083,1.352914,1.3447243,1.3406782,1.3580177,1.3568106,1.3473539,1.355634,1.3831449,1.354055,1.3402565,1.3568934,1.369785,1.366135,1.3602806,1.3539664,1.3416167,1.3528094,1.3450583,1.3607819,1.3555688,1.3640069,1.3619704,1.3464904,1.3743083,1.355433,1.3514568,1.3533463,1.3619933,1.348097,1.356403,1.3614004,1.3515027,1.3541615,1.3549986,1.3625947,1.3589561,1.3639289
2.5272982,0.6292521,-0.049121022,8.563794e-07,0.6783731,0.6796725,0.6771658,0.678554,0.6788411,0.67805517,0.6770347,0.6794291,0.67770016,0.6792302,0.6799201,0.6787037,0.6779248,0.678797,0.67736727,0.67846227,0.6784956,0.6793239,0.67875195,0.6789334,0.67758894,0.6795562,0.678225,0.6774171,0.6794431,0.6784444,0.6777545,0.6793575,0.678547,0.67845577,0.67866415,0.678404,0.67818636,0.67904615,0.67892945,0.6795423,0.678464,0.6802274,0.6781811,0.67873687,0.67806095,0.6787054,0.6778098,0.6785725,0.67711884,0.6777218,0.6772654,0.6782632,0.67887753,0.67907786,0.6784432,0.67860836,0.67667264,0.6788117,0.67596,0.6795374,0.67751664,0.67859584,0.67871314,0.67808187,0.6793892,0.67781913,0.6790544,0.67719084,0.6782981,0.67710835,0.6762569,0.6782203,0.67857736,0.6773653,0.67937744,0.6804911,0.67724866,0.6756011,0.67841524,0.6793089,0.6795478,0.6783193,0.6788816,0.6771446,0.67781,0.67706543,0.6794604,0.67878205,0.6784696,0.67908645,0.6776541,0.68028045,0.6781305,0.67756563,0.67732614,0.6791104,0.6771604,0.6789185,0.67940676,0.67746,0.6777536,0.6778689,0.6784252,0.6794234,0.6785874
3.456253,1.6199317,-0.092745304,0.00019645969,1.712677,1.7229093,1.7079421,1.7069206,1.7049382,1.7163932,1.6832191,1.7369647,1.7067152,1.7344737,1.7495717,1.7293509,1.7054409,1.7133458,1.7107078,1.7157806,1.7144556,1.719525,1.7415031,1.7193191,1.6941153,1.7165347,1.712391,1.7171476,1.7349708,1.6956093,1.7002374,1.7309136,1.7168345,1.7267305,1.716726,1.719379,1.6963866,1.7260448,1.7245092,1.7258103,1.693879,1.721281,1.6952184,1.7115064,1.704923,1.695945,1.705425,1.717867,1.7111887,1.7034875,1.699209,1.7052826,1.7192465,1.7307458,1.6957446,1.7133005,1.6835644,1.7073163,1.6745543,1.7328255,1.7005503,1.7264122,1.7108653,1.7106508,1.723162,1.7147436,1.7131974,1.6969808,1.7074735,1.6958617,1.68949,1.7151458,1.7132875,1.6992351,1.7108256,1.7521448,1.7094653,1.6894231,1.7134922,1.7325019,1.7270027,1.7181709,1.7087034,1.6908029,1.7076339,1.695982,1.7186382,1.7110122,1.7241602,1.7205508,1.6975988,1.7390169,1.7113931,1.7052122,1.7082645,1.7209202,1.7008535,1.7122476,1.7197211,1.7057421,1.7096633,1.7107408,1.7221957,1.7161003,1.7241324
2.0409288,0.19879663,0.063973695,4.094841e-05,0.13482293,0.13080446,0.13476464,0.13948542,0.14061292,0.13418517,0.1478443,0.12357188,0.13683113,0.1255169,0.117764845,0.12717886,0.13850026,0.13481332,0.13446538,0.13301396,0.1336104,0.13183202,0.120221496,0.131601,0.14192608,0.13412203,0.13523501,0.13193086,0.122702464,0.14385074,0.13867927,0.12602654,0.13092873,0.13003242,0.13305424,0.13089496,0.14303735,0.12708454,0.13088596,0.12982428,0.14258426,0.13398759,0.14277567,0.13735755,0.1402806,0.14445947,0.13939753,0.1320499,0.13404164,0.13653046,0.14084864,0.1413032,0.13111402,0.12692626,0.14331917,0.13541481,0.14679906,0.13841851,0.15152127,0.12576449,0.14085335,0.1265709,0.13536535,0.13641432,0.12898509,0.13344367,0.13391918,0.14208533,0.13819383,0.14264879,0.14295664,0.13421114,0.1339631,0.14004031,0.136324,0.11758551,0.13214229,0.1431389,0.13480613,0.12608749,0.12829871,0.13254385,0.13584901,0.14644729,0.13753836,0.14049654,0.13175064,0.13724618,0.1292971,0.13079922,0.14354056,0.12536831,0.13600901,0.13754399,0.13530897,0.13054015,0.13958217,0.1351543,0.13393232,0.13605116,0.1369778,0.13451362,0.13041276,0.13495035,0.13067809
3.561915,1.8818032,0.051742315,0.00023802304,1.8300608,1.8414928,1.8251231,1.8239063,1.8216588,1.8345178,1.7975065,1.8572204,1.8237172,1.854499,1.8710685,1.8487868,1.8222572,1.8309284,1.828172,1.8337339,1.8321971,1.8377086,1.8623459,1.8376032,1.8096594,1.8343823,1.8299662,1.8353152,1.8536069,1.8112234,1.8164117,1.8504924,1.8348333,1.839942,1.8347303,1.8377094,1.8120466,1.8449254,1.843381,1.8447722,1.8093035,1.8396119,1.8108382,1.8283608,1.8216673,1.8115015,1.8222796,1.8353482,1.8287873,1.820015,1.815343,1.822095,1.8375864,1.8503323,1.8113978,1.8271586,1.798061,1.8241941,1.7881424,1.8526096,1.8168968,1.8448946,1.828228,1.8280455,1.8418202,1.8325603,1.8306931,1.8129051,1.8244958,1.8117564,1.804576,1.8330282,1.8308753,1.8153828,1.827979,1.8739394,1.8267751,1.8046744,1.8311874,1.8522166,1.8461162,1.8362854,1.8257698,1.8060614,1.8248057,1.8118155,1.8367766,1.8283325,1.843049,1.838905,1.8134867,1.8593767,1.8288733,1.8219744,1.8253943,1.8377944,1.8173261,1.8296926,1.833331,1.8226615,1.8269995,1.8279731,1.8408904,1.8339691,1.8430253
2.2768261,0.42592737,0.027503103,8.833778e-06,0.39842427,0.39692172,0.397953,0.40076572,0.40181774,0.39789495,0.40450004,0.39309847,0.39904726,0.39403725,0.39032897,0.3945679,0.4001816,0.39887124,0.39784586,0.39767364,0.39784434,0.39760584,0.39118853,0.39702547,0.4017914,0.3987641,0.39831012,0.39632988,0.39292246,0.40288523,0.4002856,0.3946352,0.39683172,0.39591536,0.3976924,0.39651722,0.4023009,0.39503187,0.3965024,0.39646423,0.40253478,0.39859647,0.4026474,0.3998227,0.4008432,0.40348813,0.40042698,0.39665523,0.39733455,0.39911363,0.40074283,0.4013081,0.39685374,0.39484596,0.40269446,0.39860022,0.40377703,0.4004877,0.40574145,0.39449078,0.40131986,0.3943,0.39882386,0.39897442,0.3958271,0.39746973,0.39841917,0.4016104,0.40027502,0.4016995,0.4017998,0.39788157,0.3982196,0.40055966,0.399759,0.3907063,0.39679855,0.40147766,0.39836684,0.39482394,0.395812,0.39694667,0.39973244,0.4037942,0.39936092,0.40054005,0.397558,0.39967704,0.39552608,0.3966696,0.4024961,0.394282,0.3990305,0.39945152,0.3980376,0.3966512,0.4002891,0.39883503,0.39839208,0.39846444,0.39914528,0.39788556,0.3960467,0.3990909,0.39624047
3.7962282,2.2819788,0.20613766,0.00025160136,2.0758412,2.0935018,2.0638947,2.0798836,2.0677204,2.0691059,2.043003,2.1088872,2.0673144,2.100747,2.1065056,2.1065252,2.072208,2.0762217,2.0701103,2.0742059,2.0805702,2.0848134,2.1152656,2.0794938,2.0658662,2.0853052,2.075265,2.0790968,2.0898755,2.0619447,2.0721908,2.1011147,2.0844643,2.0791802,2.0690587,2.0825171,2.0578144,2.0876684,2.0972335,2.0855618,2.059737,2.0698037,2.063181,2.0788097,2.0672789,2.0596862,2.0682738,2.0711923,2.0717733,2.0669336,2.0573838,2.075674,2.0916293,2.09755,2.067863,2.0607653,2.0385551,2.078073,2.0400264,2.1138532,2.0697181,2.0782254,2.0739737,2.0712183,2.0943594,2.07616,2.0740194,2.0506058,2.0630643,2.0672662,2.0531957,2.068502,2.0699697,2.0512218,2.067698,2.1150496,2.0680976,2.0560293,2.080271,2.0948923,2.0998468,2.094072,2.0843604,2.055218,2.0784786,2.0639036,2.0780206,2.072868,2.088859,2.0886714,2.0646904,2.107064,2.0691643,2.0630717,2.0819156,2.072044,2.0588934,2.0665197,2.0661747,2.0654027,2.0712159,2.071471,2.077104,2.0828433,2.0865288
2.1969318,0.3272443,0.01809889,1.70266e-05,0.30914542,0.30672663,0.3088252,0.31235072,0.31335506,0.30856314,0.31755492,0.30178392,0.31020227,0.3030418,0.2980289,0.30401513,0.3115448,0.3094703,0.30870688,0.30809334,0.3082955,0.30760387,0.2994571,0.30714896,0.31381735,0.30918822,0.3091631,0.30670777,0.3014197,0.3150831,0.31165054,0.303709,0.3068746,0.30583766,0.30819055,0.30653542,0.31450975,0.30436027,0.30646858,0.30613324,0.31454366,0.30888113,0.31471348,0.3108889,0.312555,0.31574836,0.31199235,0.30711398,0.30812475,0.31017542,0.31266168,0.31312114,0.30685252,0.30406386,0.31481725,0.309375,0.3167967,0.31172305,0.31961852,0.30348697,0.31309754,0.3036032,0.3096062,0.30995905,0.30545968,0.30798596,0.3088247,0.3137701,0.31163427,0.31390995,0.31419137,0.30859816,0.3087332,0.31233054,0.31054384,0.2982361,0.30722436,0.31403157,0.30913174,0.30389044,0.3052177,0.307285,0.31046206,0.3166224,0.31069472,0.3124784,0.30747655,0.31074637,0.30538726,0.30659595,0.31486693,0.30310258,0.31000242,0.31075808,0.30898556,0.30651635,0.31197643,0.30961782,0.30880228,0.309509,0.31035838,0.3087167,0.3060635,0.3096301,0.30623835
2.055931,0.41049102,0.25890315,3.818677e-05,0.15158786,0.14771232,0.15150273,0.1561245,0.15722829,0.15095797,0.16416693,0.14069699,0.15351142,0.14258541,0.13511908,0.14419371,0.15514132,0.15161854,0.15122738,0.14984679,0.15040648,0.14872903,0.13746245,0.14847952,0.15846018,0.15096822,0.15196761,0.14873867,0.13989647,0.16031906,0.15530904,0.14312215,0.14786299,0.1469346,0.1499026,0.14778845,0.1595332,0.14416356,0.14777657,0.14677796,0.1591321,0.15080194,0.15931645,0.15405475,0.15685025,0.16093284,0.15599637,0.14889777,0.15077734,0.1532263,0.1573589,0.15782423,0.14801443,0.14395626,0.15980361,0.15214211,0.16315098,0.15506852,0.16767986,0.14284636,0.15741213,0.14359826,0.15212509,0.15310025,0.14595038,0.1502355,0.15073845,0.158608,0.15486625,0.15911518,0.15942669,0.15098411,0.15076508,0.15661113,0.15307969,0.13495764,0.1489815,0.15958127,0.15157287,0.14318788,0.14531338,0.14933684,0.15264826,0.16282305,0.15419562,0.15703318,0.14863881,0.1539244,0.14623113,0.14770281,0.16001733,0.14245652,0.15275304,0.15419072,0.15200737,0.14746295,0.15615849,0.15194187,0.15074615,0.15270466,0.15365882,0.15127623,0.14730312,0.1517419,0.14755903
3.919736,2.5142012,0.3187878,0.00027099624,2.1954134,2.2162733,2.1775234,2.2025998,2.181803,2.183379,2.160281,2.2269874,2.1885376,2.21898,2.2247674,2.2306082,2.1896293,2.193878,2.1915755,2.1940634,2.1961427,2.2003791,2.2348647,2.1977487,2.194914,2.2040887,2.1973271,2.193741,2.2062855,2.189323,2.1874673,2.2236605,2.2012944,2.2014487,2.1877105,2.1982431,2.1804185,2.211307,2.2208679,2.2039335,2.1733034,2.1894884,2.1870017,2.2010782,2.1880946,2.178426,2.1874697,2.192484,2.1931837,2.1859622,2.1809518,2.1926298,2.2085333,2.2141814,2.1973917,2.1746397,2.158589,2.2029746,2.1606016,2.2375197,2.1890702,2.197245,2.1956706,2.1897016,2.2185774,2.1920488,2.1890075,2.167163,2.1801455,2.194433,2.1679041,2.183267,2.1843872,2.1716588,2.188807,2.2337368,2.1910148,2.1793194,2.202725,2.2185323,2.2176626,2.2110877,2.2011266,2.177741,2.1996932,2.1827345,2.193601,2.1924722,2.2118056,2.2114675,2.1815674,2.2285848,2.1847668,2.1850214,2.2033374,2.1906962,2.1762736,2.1881208,2.186994,2.1813774,2.1896367,2.1935246,2.193213,2.199969,2.2079105
3.8176515,2.3710968,0.27413964,0.00025029745,2.0969572,2.115541,2.083605,2.1016815,2.0875552,2.08894,2.0641832,2.129374,2.0883415,2.1216004,2.127019,2.1283207,2.093307,2.0973504,2.0911796,2.0953007,2.1010191,2.104859,2.1367233,2.1012847,2.089282,2.1065311,2.0964377,2.0989828,2.1100674,2.0846748,2.0930154,2.1230664,2.1051972,2.1003885,2.0901363,2.102591,2.0791535,2.109115,2.1186845,2.1069386,2.079436,2.0908031,2.085004,2.1004908,2.0882354,2.0811663,2.089447,2.0922415,2.0928323,2.0878549,2.0788176,2.0967498,2.1119068,2.11778,2.091173,2.080518,2.0597477,2.0998378,2.0630534,2.1357293,2.0916626,2.0994709,2.0950825,2.092265,2.1159055,2.0962617,2.094465,2.0713792,2.0833921,2.0900905,2.0740197,2.0884175,2.089816,2.0725858,2.0887053,2.1356375,2.0897882,2.0787454,2.101512,2.1163385,2.120283,2.1146853,2.104932,2.076633,2.0995758,2.0847926,2.0980687,2.0944898,2.1101844,2.1099844,2.0855682,2.1290047,2.0899632,2.0846424,2.1038113,2.093145,2.0797203,2.088135,2.087132,2.0862756,2.0922697,2.093139,2.097621,2.1041198,2.1077282
2.305949,0.41873464,-0.012237191,6.5482395e-06,0.43097183,0.42979887,0.43042445,0.43305546,0.43402493,0.43045548,0.43619984,0.4263886,0.4314399,0.42720655,0.42398733,0.4275926,0.4324997,0.43142983,0.43034193,0.43032816,0.4304847,0.4303767,0.4246307,0.42978695,0.4338665,0.43141416,0.4308412,0.42902038,0.42627677,0.43491873,0.43256286,0.42774886,0.4296055,0.42875075,0.43034858,0.429345,0.4343728,0.42805523,0.4293225,0.42939126,0.43461433,0.43134695,0.4346896,0.43224445,0.4330234,0.4354734,0.43267187,0.42938852,0.4298679,0.43152362,0.4328583,0.43350065,0.42965865,0.4279079,0.43476188,0.43112424,0.43548733,0.43284407,0.4371539,0.42765647,0.43345314,0.42736968,0.43135574,0.43144557,0.42877895,0.43006545,0.4310486,0.43363476,0.43258148,0.43371332,0.43371293,0.43046123,0.43080547,0.43273002,0.43227372,0.42439583,0.4294368,0.4333353,0.43092006,0.42792308,0.42881763,0.42964092,0.43224326,0.4355665,0.43168318,0.432694,0.43036163,0.43210062,0.42841205,0.42951542,0.4344571,0.42752752,0.43147326,0.43177193,0.43049896,0.42951146,0.4324756,0.4313649,0.43108368,0.43090072,0.431507,0.43039623,0.4288606,0.43171585,0.42906338
3.293972,1.2958949,-0.23618805,0.00013663663,1.5320829,1.5407844,1.5279887,1.527242,1.5256715,1.5350032,1.5076159,1.5522827,1.5270215,1.5501741,1.5628356,1.5458953,1.5259959,1.5327568,1.5302851,1.5346365,1.5336202,1.5380124,1.5558904,1.5376611,1.5166572,1.5355326,1.5318136,1.5356398,1.5507199,1.5180142,1.521806,1.5472616,1.5355923,1.5436968,1.5354885,1.5376405,1.5187508,1.5431433,1.5419104,1.5430986,1.5165905,1.5395386,1.5176286,1.5310994,1.5256194,1.5184388,1.525972,1.536331,1.530609,1.5245095,1.5208726,1.5258569,1.5375031,1.5470604,1.5181166,1.5325277,1.5077153,1.527796,1.5001307,1.548835,1.5218502,1.5434659,1.5306089,1.5303661,1.5409012,1.5337192,1.532748,1.5189176,1.5277382,1.5178564,1.512677,1.5341018,1.5325763,1.5208483,1.5307803,1.565082,1.5292957,1.512418,1.5327227,1.5486367,1.544062,1.5367613,1.5288761,1.5137858,1.5277224,1.5180771,1.5372077,1.5308274,1.5415837,1.5387713,1.5196124,1.5541651,1.5309699,1.5258791,1.5283604,1.5389628,1.5220056,1.5318663,1.5380889,1.5261712,1.5294443,1.5304077,1.5398991,1.5350591,1.5415305
