x_eval,y_eval,pred_errors,pred_var,y_pred_mean,preds_0,preds_1,preds_2,preds_3,preds_4,preds_5,preds_6,preds_7,preds_8,preds_9,preds_10,preds_11,preds_12,preds_13,preds_14,preds_15,preds_16,preds_17,preds_18,preds_19,preds_20,preds_21,preds_22,preds_23,preds_24,preds_25,preds_26,preds_27,preds_28,preds_29,preds_30,preds_31,preds_32,preds_33,preds_34,preds_35,preds_36,preds_37,preds_38,preds_39,preds_40,preds_41,preds_42,preds_43,preds_44,preds_45,preds_46,preds_47,preds_48,preds_49
-3.2019072,-1.3640373,0.010357857,0.0021043094,-1.3743951,-1.3487998,-1.4163792,-1.3182528,-1.3351458,-1.4546747,-1.3977907,-1.384286,-1.3436478,-1.318869,-1.2233776,-1.3693955,-1.390519,-1.4005148,-1.3448584,-1.3909222,-1.3500385,-1.3557066,-1.3613591,-1.4067767,-1.292566,-1.3616692,-1.3228765,-1.3996592,-1.3721609,-1.3609271,-1.37669,-1.3755531,-1.3727036,-1.3844776,-1.421342,-1.32593,-1.4027308,-1.4581904,-1.3823702,-1.3221745,-1.3703384,-1.3459382,-1.4319702,-1.3044229,-1.3293076,-1.4567424,-1.4075692,-1.4112713,-1.3926351,-1.4302284,-1.4346129,-1.4041393,-1.3604808,-1.4342259,-1.362544
-2.9666417,-1.1731449,-0.08610666,0.0048337383,-1.0870383,-1.1468682,-1.091881,-0.90518844,-1.0476682,-1.1717789,-1.2134881,-1.0852904,-1.0215877,-1.0696864,-1.2552582,-1.1506355,-1.1223395,-1.0708592,-0.99631715,-0.91734123,-1.0427101,-1.0900275,-1.0192432,-1.1578362,-1.0144917,-1.0268173,-1.0859554,-1.107122,-1.0359523,-1.0354364,-1.042006,-1.1229463,-1.071002,-1.0716817,-1.104833,-1.026303,-1.0790312,-1.1651547,-1.1515484,-1.1414261,-1.077493,-1.1044517,-1.1421622,-1.0324705,-1.0769708,-0.95079684,-1.1978849,-1.1745431,-1.0994353,-1.096111,-1.1220816,-1.0565178,-1.1250432,-1.1493489,-1.0888914
-3.9501393,-2.487103,-0.021070719,0.0034456262,-2.4660323,-2.4533772,-2.3659816,-2.4358964,-2.4934056,-2.3034642,-2.497914,-2.4759743,-2.4412634,-2.4414797,-2.509264,-2.5202708,-2.4336987,-2.4493628,-2.525718,-2.4486217,-2.5196981,-2.4719408,-2.4510384,-2.4323173,-2.5365,-2.5416765,-2.4828286,-2.448759,-2.4552794,-2.443196,-2.4643068,-2.5034573,-2.454106,-2.4214916,-2.3768327,-2.3868816,-2.609409,-2.3566153,-2.476214,-2.5543575,-2.482164,-2.4880724,-2.4369354,-2.5387433,-2.5306022,-2.4584527,-2.521172,-2.4493124,-2.4877882,-2.3487496,-2.4441462,-2.5014248,-2.5010934,-2.3868747,-2.543488
-2.119841,-0.49564207,-0.09657732,0.0010105545,-0.39906475,-0.43610966,-0.38454926,-0.39329034,-0.31920385,-0.37891674,-0.41556484,-0.36549217,-0.3988811,-0.37739515,-0.36602044,-0.40325022,-0.35015607,-0.3549711,-0.4028076,-0.44437957,-0.35384193,-0.4396147,-0.37854227,-0.400249,-0.38775218,-0.39785576,-0.3983888,-0.3899064,-0.4340744,-0.43998033,-0.4382848,-0.39541966,-0.3997066,-0.41047448,-0.37853718,-0.392004,-0.37341297,-0.40059286,-0.42254204,-0.38889408,-0.37630832,-0.4459529,-0.4187533,-0.42103195,-0.45072138,-0.43389732,-0.41752744,-0.3494688,-0.37495166,-0.4736048,-0.33859786,-0.42305255,-0.40426838,-0.41818315,-0.3958558
-2.1082916,-0.2210212,0.17184627,0.0011557866,-0.39286748,-0.43041462,-0.36837384,-0.39124402,-0.30391383,-0.37537667,-0.40902305,-0.34903923,-0.38317257,-0.36772394,-0.35965377,-0.41386724,-0.35476887,-0.34702945,-0.4174224,-0.4422403,-0.35876527,-0.4362898,-0.3685184,-0.38819313,-0.3766233,-0.39278102,-0.40089214,-0.38300157,-0.42740053,-0.42972618,-0.43230236,-0.37936968,-0.3843615,-0.4032113,-0.3700658,-0.38703775,-0.35929775,-0.3984908,-0.4111699,-0.3791448,-0.36705077,-0.44604397,-0.41445202,-0.41077137,-0.44470298,-0.42531884,-0.42019212,-0.33969665,-0.35863698,-0.4695518,-0.32808977,-0.41661322,-0.41009963,-0.42208672,-0.39016056
-2.4065375,-0.47888905,0.12519377,0.0028391448,-0.6040828,-0.57312214,-0.63379145,-0.6624963,-0.7757214,-0.51825494,-0.61583596,-0.6840503,-0.69942176,-0.5668607,-0.59554124,-0.5800657,-0.60389435,-0.6518192,-0.65248066,-0.58401185,-0.66681135,-0.6093088,-0.62854147,-0.60202694,-0.6496814,-0.5899801,-0.56274474,-0.620553,-0.6075151,-0.60833144,-0.59221417,-0.63151205,-0.6673777,-0.59078985,-0.5437602,-0.5685253,-0.6076847,-0.49624845,-0.57964885,-0.6293783,-0.6659701,-0.5335622,-0.5336334,-0.6181792,-0.5598587,-0.56954426,-0.5152499,-0.55967253,-0.6030618,-0.56403595,-0.60895455,-0.5829327,-0.5702592,-0.56186175,-0.7073636
-3.1699717,-1.3294356,0.006305814,0.0019798635,-1.3357414,-1.3300965,-1.3723316,-1.2621837,-1.2961223,-1.4143319,-1.3552493,-1.3437722,-1.2949586,-1.2984397,-1.227706,-1.3377495,-1.3549377,-1.3557651,-1.2975476,-1.3458772,-1.3076649,-1.3196371,-1.3149161,-1.3729901,-1.2390687,-1.3162142,-1.2907202,-1.3599534,-1.3109434,-1.310817,-1.3339319,-1.3534067,-1.3287289,-1.3397948,-1.3795005,-1.2759379,-1.3802474,-1.4184158,-1.3510395,-1.3073039,-1.3312292,-1.3110585,-1.3938522,-1.2600803,-1.2867417,-1.4114286,-1.3791075,-1.3664085,-1.3528341,-1.3890799,-1.4004441,-1.3639842,-1.326024,-1.3962812,-1.3202116
-2.359486,-0.67422414,-0.1041615,0.0035452077,-0.57006264,-0.55610967,-0.6474452,-0.6131773,-0.7687319,-0.47320756,-0.5706673,-0.66569364,-0.6944388,-0.5380628,-0.53092587,-0.5100622,-0.54354346,-0.60878044,-0.5922088,-0.56002796,-0.6331413,-0.58608705,-0.5860677,-0.57430816,-0.60950506,-0.53862715,-0.53038347,-0.57351637,-0.5728076,-0.5929268,-0.56575894,-0.61486816,-0.67435694,-0.561198,-0.5106082,-0.52529764,-0.5694423,-0.4538752,-0.55589,-0.59484076,-0.6461092,-0.50165033,-0.5076773,-0.5975903,-0.5175829,-0.54219234,-0.47188383,-0.5289793,-0.5781374,-0.55091584,-0.56478107,-0.55669284,-0.51136875,-0.5056696,-0.6253114
-3.5419133,-1.7745886,0.06298888,0.0017672254,-1.8375775,-1.8507327,-1.8797313,-1.9152097,-1.8441272,-1.8842046,-1.8002584,-1.8106294,-1.8949237,-1.8910428,-1.8429649,-1.7871647,-1.8366635,-1.8235364,-1.8619242,-1.8769126,-1.8225255,-1.8395301,-1.8557777,-1.8333149,-1.8621099,-1.7879333,-1.8522528,-1.8360138,-1.8628409,-1.8944405,-1.8599908,-1.7841358,-1.8575125,-1.8602004,-1.8668414,-1.9484308,-1.7112184,-1.8614978,-1.8206813,-1.7833405,-1.8215036,-1.8394847,-1.8135846,-1.8497174,-1.8272504,-1.8320385,-1.7465061,-1.8074696,-1.8163671,-1.8779168,-1.7988529,-1.8134013,-1.816572,-1.8382094,-1.7793865
-2.180825,-0.32642463,0.11053535,0.0010396644,-0.43695998,-0.46618587,-0.46996573,-0.42591202,-0.4076872,-0.39760414,-0.4505626,-0.45182657,-0.4728644,-0.42845285,-0.42040557,-0.34719443,-0.3872521,-0.4163962,-0.43334568,-0.4556954,-0.37006474,-0.47271907,-0.42886245,-0.45781136,-0.42456138,-0.4246534,-0.40751588,-0.42637014,-0.46932104,-0.48425168,-0.46988922,-0.46396407,-0.4836049,-0.44883186,-0.4259386,-0.41970873,-0.43431497,-0.41168523,-0.46566963,-0.44036683,-0.43723953,-0.44500732,-0.44146997,-0.475201,-0.48249686,-0.45538574,-0.4370641,-0.40106347,-0.46109354,-0.49500602,-0.39408088,-0.4570614,-0.38088667,-0.3975625,-0.42592356
-3.7633266,-2.3803523,-0.19773817,0.0018562649,-2.182614,-2.1775966,-2.1563478,-2.303951,-2.1999362,-2.1309218,-2.1742325,-2.2004695,-2.2119439,-2.2117038,-2.211022,-2.1514318,-2.1672223,-2.1629727,-2.2269056,-2.197632,-2.1983385,-2.2631574,-2.1834183,-2.1581984,-2.2346184,-2.1858473,-2.1834383,-2.1761217,-2.198383,-2.2162416,-2.287685,-2.0959783,-2.1810927,-2.1699934,-2.1464546,-2.221263,-2.1881835,-2.1147542,-2.1929932,-2.2423139,-2.1475255,-2.1929097,-2.1480553,-2.2234297,-2.1624496,-2.148491,-2.1747332,-2.1203604,-2.123877,-2.1565247,-2.1368973,-2.1861823,-2.1624153,-2.1012855,-2.2228122
-3.8495553,-2.4563437,-0.14103818,0.001948961,-2.3153055,-2.3048894,-2.2531095,-2.3795629,-2.335396,-2.210565,-2.3248413,-2.3312397,-2.317793,-2.3243032,-2.3448308,-2.3365397,-2.2908514,-2.2951622,-2.3648314,-2.3203535,-2.346674,-2.3619492,-2.3296018,-2.2847211,-2.3798783,-2.3307376,-2.321631,-2.3049688,-2.3169627,-2.3196533,-2.3961034,-2.2782376,-2.3071105,-2.289636,-2.2527916,-2.3110342,-2.38964,-2.222084,-2.3294258,-2.3922973,-2.3026924,-2.330543,-2.2813978,-2.3689678,-2.3323822,-2.291576,-2.3346415,-2.2721975,-2.2893963,-2.2452512,-2.2685432,-2.331689,-2.3125334,-2.2210774,-2.3829885
-3.1815581,-1.2960275,0.053802848,0.0020246117,-1.3498304,-1.3363636,-1.3883116,-1.2825233,-1.3102815,-1.4289676,-1.3706846,-1.358469,-1.3106562,-1.3063496,-1.2261332,-1.3455825,-1.3678468,-1.3719982,-1.314714,-1.3622199,-1.323041,-1.3327215,-1.3317657,-1.3852499,-1.258477,-1.3327067,-1.3023845,-1.3743582,-1.3331544,-1.3289956,-1.3494465,-1.3614413,-1.3446856,-1.3560051,-1.394682,-1.2943558,-1.3883984,-1.4328454,-1.3624043,-1.3126965,-1.3454189,-1.3237162,-1.4076827,-1.276164,-1.3019159,-1.434643,-1.3894343,-1.3826854,-1.3672763,-1.4040093,-1.4128412,-1.3806763,-1.3385255,-1.4100488,-1.3355722
-2.079865,-0.3271747,0.050284714,0.0019117151,-0.3774594,-0.41639352,-0.3285595,-0.35944006,-0.26628637,-0.36666638,-0.3929246,-0.30854487,-0.3579219,-0.3439237,-0.34398603,-0.43999577,-0.3661238,-0.3274855,-0.45339727,-0.4369641,-0.37088963,-0.4281078,-0.343841,-0.35917306,-0.34923354,-0.38028824,-0.4047609,-0.36600327,-0.41096568,-0.40448684,-0.41757023,-0.33986503,-0.34659195,-0.38533288,-0.34921503,-0.38375878,-0.32455695,-0.39331862,-0.38316917,-0.3551531,-0.3442589,-0.4422326,-0.4038627,-0.38552153,-0.42988813,-0.40419638,-0.42674917,-0.31366557,-0.31848317,-0.46005642,-0.30222467,-0.40076077,-0.42444766,-0.4292822,-0.38244617
-3.5813968,-2.028164,-0.1291852,0.0018189588,-1.8989787,-1.9090216,-1.9307876,-1.9845296,-1.910601,-1.9340823,-1.8586138,-1.8828578,-1.9589392,-1.9566479,-1.9154739,-1.8357172,-1.8878105,-1.8840723,-1.9281292,-1.9342003,-1.8866999,-1.9150758,-1.9131975,-1.8912499,-1.9282529,-1.8358154,-1.9102621,-1.8966637,-1.9230952,-1.9563928,-1.9362584,-1.8380718,-1.9152148,-1.9154472,-1.9185728,-2.0318441,-1.7937207,-1.9066628,-1.8870754,-1.8651843,-1.8856194,-1.9025106,-1.8667234,-1.9163535,-1.8889573,-1.8841128,-1.807223,-1.8529505,-1.8655763,-1.9313508,-1.8591366,-1.8765422,-1.8857834,-1.8851224,-1.8647314
-3.6120956,-2.0082679,-0.060984254,0.0016592183,-1.9472836,-1.9543405,-1.9704833,-2.0384312,-1.9620829,-1.9728637,-1.9087555,-1.9390192,-2.0087159,-2.0074453,-1.9701569,-1.8734636,-1.9275819,-1.9311323,-1.9796073,-1.978747,-1.9381773,-1.9738111,-1.957838,-1.9362938,-1.9798527,-1.9113276,-1.9553645,-1.9438186,-1.9722166,-2.0045643,-1.9955567,-1.8800159,-1.9600797,-1.9583987,-1.9587988,-2.0638034,-1.8578645,-1.9417765,-1.9386965,-1.9288225,-1.9354818,-1.9515095,-1.9141961,-1.9681697,-1.9368057,-1.9246008,-1.8721734,-1.8883121,-1.9038327,-1.9728974,-1.9059994,-1.9309808,-1.9285986,-1.9215975,-1.9291124
-2.218111,-0.50054544,-0.036203027,0.0014116125,-0.46434242,-0.48457426,-0.5221871,-0.46499372,-0.4868089,-0.40902832,-0.47562766,-0.5014981,-0.5156763,-0.45967543,-0.44594154,-0.33918762,-0.41334212,-0.45654526,-0.48266792,-0.46261156,-0.46041605,-0.49318033,-0.45896924,-0.48533463,-0.4642508,-0.43981647,-0.4331603,-0.4486661,-0.4908684,-0.50699264,-0.48921168,-0.49969,-0.53653,-0.47228158,-0.4595375,-0.43469596,-0.46710765,-0.41846576,-0.4844969,-0.47183877,-0.4907179,-0.4439273,-0.45535707,-0.50831854,-0.48878324,-0.46434438,-0.46737826,-0.432609,-0.50098944,-0.5080894,-0.42800438,-0.47785592,-0.38560915,-0.38495338,-0.44430685
-3.122663,-1.059412,0.2185483,0.0020605433,-1.2779603,-1.3045106,-1.3070775,-1.1791205,-1.2383134,-1.3545659,-1.3198421,-1.2837536,-1.2385479,-1.2452163,-1.2341173,-1.2989545,-1.2980127,-1.2894758,-1.2274601,-1.2791332,-1.2449002,-1.2662146,-1.2461219,-1.3229287,-1.159822,-1.2488813,-1.2430745,-1.3011289,-1.2256281,-1.246586,-1.2705882,-1.3205963,-1.2635839,-1.274611,-1.3175137,-1.205012,-1.3306339,-1.359488,-1.304621,-1.2899852,-1.2732937,-1.2594008,-1.3373846,-1.1943829,-1.2279143,-1.3046356,-1.3369424,-1.2999539,-1.2938768,-1.3281196,-1.3337175,-1.2958162,-1.274982,-1.34007,-1.2575008
-3.2860413,-1.6066576,-0.12717879,0.0024052917,-1.4794788,-1.4730024,-1.5324249,-1.4659667,-1.4379511,-1.5609596,-1.4926744,-1.4108241,-1.4800605,-1.427671,-1.2890579,-1.4725249,-1.4842597,-1.518399,-1.4695029,-1.5096158,-1.4616704,-1.4886516,-1.4837022,-1.4958076,-1.4334984,-1.4814196,-1.4506762,-1.5042782,-1.5010388,-1.492943,-1.4893433,-1.4339058,-1.4835749,-1.5021977,-1.5315853,-1.4392713,-1.4663967,-1.5629885,-1.4696696,-1.3613744,-1.4733684,-1.4378119,-1.5323877,-1.4212546,-1.4488884,-1.5547559,-1.5128739,-1.5127447,-1.4974878,-1.5386392,-1.5246189,-1.5007057,-1.451256,-1.5341921,-1.4740701
-2.909262,-0.83142745,0.18937516,0.006451325,-1.0208026,-1.0888815,-1.0127378,-0.8241168,-0.9775554,-1.1048278,-1.1743731,-1.0122864,-0.9487277,-1.0051354,-1.2337412,-1.0949805,-1.0630622,-0.9904584,-0.90106404,-0.77677476,-0.97202754,-1.0310749,-0.95488405,-1.0964258,-1.0194997,-0.97921413,-1.0281681,-1.0357752,-0.95476735,-0.95777994,-0.9407835,-1.0458155,-1.0204585,-1.0092661,-1.0143946,-0.9807656,-1.0202221,-1.0936854,-1.0920293,-1.0765674,-0.9883201,-1.0516968,-1.0695593,-0.9844384,-1.0348506,-0.86887324,-1.1315625,-1.1221571,-1.0279243,-1.0189166,-1.0637802,-0.968316,-1.0702875,-1.0789706,-1.0281491
-2.3401606,-0.49107704,0.06536803,0.003561171,-0.55644506,-0.54912037,-0.6530544,-0.5929233,-0.75238055,-0.46204934,-0.5576778,-0.646515,-0.6901299,-0.53766644,-0.50438285,-0.4803424,-0.52161753,-0.5879675,-0.5674543,-0.5450175,-0.6193142,-0.57655096,-0.5686221,-0.56150794,-0.59353244,-0.5175369,-0.51709753,-0.55419683,-0.5614092,-0.58142906,-0.5548948,-0.60803354,-0.66305494,-0.54904306,-0.50982594,-0.5075457,-0.55372864,-0.44688335,-0.54613066,-0.5810888,-0.6318482,-0.488544,-0.5005913,-0.589133,-0.5079862,-0.5309586,-0.47126848,-0.51637286,-0.56789947,-0.545527,-0.54664046,-0.5459167,-0.48717868,-0.48258877,-0.5900743
-3.5801256,-2.005175,-0.10818303,0.0018266072,-1.8969921,-1.9071445,-1.9291457,-1.9822998,-1.9084685,-1.9324776,-1.8567364,-1.8805342,-1.956877,-1.9545323,-1.9132116,-1.8341541,-1.8861674,-1.8821218,-1.9259996,-1.9323585,-1.8846304,-1.9126402,-1.9113469,-1.8893881,-1.9261233,-1.8326118,-1.9083948,-1.8947105,-1.9210608,-1.9544002,-1.9338036,-1.8363398,-1.913357,-1.9136661,-1.9169068,-2.0305188,-1.7910593,-1.9052074,-1.8849379,-1.8625474,-1.8835568,-1.9004798,-1.8647594,-1.9142115,-1.886976,-1.8824375,-1.8051381,-1.8514855,-1.8639928,-1.9296312,-1.8571906,-1.8742733,-1.8840101,-1.8836098,-1.8619843
-2.4631536,-0.6062314,0.03772062,0.00183061,-0.643952,-0.59359276,-0.66108495,-0.7218381,-0.772607,-0.5843142,-0.6393134,-0.7061378,-0.6577462,-0.63612986,-0.6732974,-0.63805413,-0.6642262,-0.70723516,-0.6778211,-0.61286277,-0.70732504,-0.6160157,-0.68000245,-0.63439965,-0.6980239,-0.6517681,-0.6016791,-0.6602845,-0.6492782,-0.6268643,-0.62404495,-0.65153885,-0.6591425,-0.6263949,-0.60777426,-0.6277504,-0.6537067,-0.55875456,-0.6179463,-0.6709347,-0.6898687,-0.59635735,-0.58381647,-0.657856,-0.6169859,-0.6024548,-0.5797405,-0.6375578,-0.6330513,-0.57982135,-0.66206527,-0.6145048,-0.6411245,-0.61607814,-0.7164302
-3.1420133,-1.3276967,-0.025890827,0.0019865786,-1.3018059,-1.3149743,-1.333769,-1.2130955,-1.2619596,-1.3790087,-1.3330324,-1.3083022,-1.2616212,-1.2669835,-1.231494,-1.3173501,-1.3237869,-1.316588,-1.256125,-1.3064306,-1.2705696,-1.2880688,-1.2742624,-1.3434036,-1.1922365,-1.2764205,-1.2625635,-1.3251896,-1.2573426,-1.2727762,-1.2964982,-1.3340166,-1.2902291,-1.3012339,-1.3428702,-1.2339488,-1.3610244,-1.3835914,-1.3236067,-1.2968211,-1.296989,-1.2805328,-1.360481,-1.2212543,-1.2519772,-1.3483157,-1.3541873,-1.3271347,-1.3179922,-1.3530556,-1.3614042,-1.3236951,-1.2958615,-1.3630613,-1.283152
-3.5766535,-1.9683385,-0.07682216,0.0018352278,-1.8915163,-1.9020177,-1.924654,-1.9762033,-1.9026475,-1.928093,-1.8516034,-1.8741829,-1.9512495,-1.94876,-1.9070309,-1.8298826,-1.8816669,-1.8767971,-1.9201806,-1.9273173,-1.8789887,-1.9059992,-1.9062982,-1.8842878,-1.9203069,-1.823855,-1.9032929,-1.8893776,-1.9155054,-1.9489524,-1.9270948,-1.8315952,-1.9082847,-1.9088081,-1.9123574,-2.0244212,-1.7838049,-1.9012346,-1.879097,-1.8553548,-1.8779228,-1.8949399,-1.8593904,-1.9083517,-1.8815453,-1.8778558,-1.7994434,-1.8474863,-1.8596634,-1.9249321,-1.8518914,-1.8680685,-1.8791664,-1.879483,-1.8544776
-2.6788902,-0.91062814,-0.11611408,0.0034457415,-0.79451406,-0.8085707,-0.7420114,-0.76174855,-0.73768705,-0.8360368,-0.71779436,-0.7978148,-0.77473795,-0.78127944,-0.94711924,-0.85902286,-0.82572925,-0.7305416,-0.63893986,-0.7093167,-0.71289706,-0.80054593,-0.7907586,-0.7570946,-0.8822374,-0.8568387,-0.86981535,-0.75435495,-0.80842376,-0.7046166,-0.7159502,-0.77977866,-0.8175323,-0.8139576,-0.8229065,-0.8703425,-0.829075,-0.81135124,-0.791857,-0.82951736,-0.7809334,-0.8398876,-0.80308557,-0.81578946,-0.8355291,-0.73624146,-0.83769494,-0.91183895,-0.7746579,-0.7243651,-0.8296886,-0.734814,-0.85045147,-0.79756474,-0.76496035
-3.669277,-1.9594237,0.07710302,0.00160193,-2.0365267,-2.0387557,-2.0444224,-2.1388264,-2.0521917,-2.0440552,-2.0091357,-2.0436234,-2.0964963,-2.0846794,-2.0650773,-1.9770911,-2.007924,-2.0187907,-2.0754907,-2.0617113,-2.0365467,-2.083212,-2.040989,-2.0201967,-2.076181,-2.0275233,-2.0393758,-2.0316544,-2.0655668,-2.0942883,-2.1060116,-1.9581293,-2.0436463,-2.0384057,-2.0304675,-2.123335,-1.9773483,-2.0071754,-2.0348456,-2.0473523,-2.0117228,-2.0427861,-2.0026174,-2.0646858,-2.0258567,-2.00002,-1.9906679,-1.9547489,-1.975096,-2.0502822,-1.9933093,-2.0274734,-2.0083568,-1.989538,-2.0486531
-3.150014,-1.3879907,-0.07646644,0.0019620564,-1.3115243,-1.3193036,-1.3448024,-1.2271417,-1.2717346,-1.3891163,-1.3384851,-1.3184514,-1.2711613,-1.2759867,-1.2304091,-1.3248298,-1.3327007,-1.3278009,-1.2679799,-1.3177205,-1.2811882,-1.2970972,-1.2858968,-1.3518679,-1.2056361,-1.287809,-1.2706217,-1.3351359,-1.2726836,-1.283605,-1.3072096,-1.3395659,-1.3012466,-1.3122431,-1.3533497,-1.2459128,-1.3661932,-1.3935554,-1.3314557,-1.2996469,-1.3067892,-1.2892718,-1.3700298,-1.2323596,-1.261926,-1.3663768,-1.36132,-1.3383745,-1.3279634,-1.3633649,-1.3728558,-1.3352258,-1.3044925,-1.3725687,-1.2937548
-2.014659,-0.255293,0.09242284,0.005049527,-0.34771585,-0.4092798,-0.25799668,-0.23333676,-0.1799711,-0.34668767,-0.36012626,-0.21565738,-0.34508243,-0.28932893,-0.2896647,-0.4999323,-0.3979184,-0.32575393,-0.45217407,-0.42553133,-0.3986963,-0.40933937,-0.28724018,-0.3331821,-0.28639987,-0.35163343,-0.41400933,-0.3180499,-0.3732806,-0.3647853,-0.38377827,-0.2842308,-0.23344731,-0.3443218,-0.30138123,-0.3745315,-0.40142882,-0.38145655,-0.31894737,-0.3001153,-0.29197526,-0.42463017,-0.37957603,-0.23959243,-0.3866278,-0.35574806,-0.44179115,-0.2587712,-0.39421797,-0.4390954,-0.26195592,-0.36033273,-0.45736492,-0.43462855,-0.3707888
-2.607151,-0.6804807,0.06304127,0.0022928503,-0.743522,-0.65453124,-0.67144185,-0.76127553,-0.7605789,-0.75232875,-0.6990324,-0.7623161,-0.720559,-0.7868569,-0.85786504,-0.7855439,-0.75702345,-0.72385657,-0.6505312,-0.6862452,-0.74299,-0.728757,-0.7814481,-0.7167332,-0.8209784,-0.80879295,-0.8332086,-0.7209468,-0.755506,-0.67400545,-0.7050013,-0.70746386,-0.74568367,-0.7518983,-0.7677047,-0.7896756,-0.770761,-0.7273501,-0.69937557,-0.75258255,-0.75065136,-0.7707553,-0.72596127,-0.763271,-0.76789975,-0.6863601,-0.7518237,-0.8451593,-0.7500749,-0.6370793,-0.7586796,-0.6948073,-0.78199387,-0.73905027,-0.7216896
-3.5056298,-1.5854597,0.19792986,0.0017592703,-1.7833896,-1.7971696,-1.8328176,-1.8515061,-1.7829399,-1.8383706,-1.7466328,-1.7442535,-1.8360943,-1.83075,-1.7644198,-1.7425468,-1.7830883,-1.7769477,-1.8010876,-1.8242656,-1.7635531,-1.7914426,-1.8030181,-1.7800767,-1.8013327,-1.7459817,-1.7989435,-1.780282,-1.8115385,-1.8375056,-1.7899008,-1.7291224,-1.804487,-1.8094379,-1.8192987,-1.86906,-1.6251689,-1.8199973,-1.7596687,-1.7081246,-1.7625761,-1.7815671,-1.7759491,-1.7884724,-1.7705367,-1.7905927,-1.7133772,-1.7656794,-1.7711511,-1.8288175,-1.7595391,-1.7698486,-1.7629521,-1.7950977,-1.7324892
-2.5943813,-0.7006813,0.03329748,0.0022672752,-0.7339788,-0.62711453,-0.65888005,-0.76119566,-0.7616463,-0.737428,-0.69373727,-0.7573352,-0.7109188,-0.78477716,-0.84197474,-0.77246284,-0.74593604,-0.72282815,-0.65259683,-0.6797389,-0.74833655,-0.71598357,-0.77979136,-0.70943236,-0.8100753,-0.79498863,-0.82669127,-0.7169137,-0.7460822,-0.6698253,-0.69782156,-0.6968208,-0.7253592,-0.7404554,-0.7542596,-0.77531457,-0.7603843,-0.7124015,-0.69086707,-0.7388902,-0.7452581,-0.7552905,-0.7103178,-0.7539232,-0.75605774,-0.677005,-0.7365367,-0.82675123,-0.73841625,-0.62154573,-0.7501837,-0.68768346,-0.7698076,-0.72863317,-0.72226554
-2.5011864,-0.69259185,-0.022028804,0.0016599287,-0.67056304,-0.60734403,-0.6585886,-0.7605793,-0.7694325,-0.6286921,-0.6550872,-0.7209768,-0.6214355,-0.6840416,-0.7255298,-0.67700744,-0.7028934,-0.7273245,-0.6756404,-0.6322467,-0.7420116,-0.62272686,-0.7148812,-0.6561434,-0.7305011,-0.6932778,-0.6622291,-0.68659496,-0.6773362,-0.6393162,-0.64542705,-0.664992,-0.6580279,-0.65692484,-0.65077496,-0.67051816,-0.68462664,-0.6032822,-0.6447691,-0.69861484,-0.705925,-0.6424227,-0.62393034,-0.68569577,-0.6590562,-0.62456423,-0.6249855,-0.6923882,-0.6531961,-0.5904242,-0.687902,-0.6357138,-0.6808764,-0.64875615,-0.7225201
-2.1394145,-0.4849208,-0.07500106,0.00094358646,-0.40991974,-0.44576308,-0.4119645,-0.3997069,-0.34511435,-0.38491428,-0.42665058,-0.3933751,-0.42560703,-0.39378238,-0.38201156,-0.38525867,-0.35828316,-0.3718049,-0.37803805,-0.44801342,-0.34549364,-0.4499938,-0.39542487,-0.42069054,-0.40349987,-0.40645444,-0.39050657,-0.40160966,-0.4453856,-0.4573555,-0.44842964,-0.41985816,-0.4257133,-0.4227882,-0.39335454,-0.40152717,-0.39364862,-0.40415075,-0.44182056,-0.40541652,-0.3920045,-0.44580674,-0.42604417,-0.43841648,-0.4609176,-0.44543988,-0.41301268,-0.3660287,-0.4026001,-0.48047417,-0.35640693,-0.4339682,-0.3943894,-0.41156054,-0.40550652
-3.9011297,-2.1247973,0.267946,0.0024260122,-2.3927433,-2.381029,-2.310988,-2.4084496,-2.4164143,-2.2581985,-2.413584,-2.4054508,-2.381102,-2.391418,-2.4248657,-2.4308982,-2.3640993,-2.3742275,-2.4473255,-2.3937552,-2.4353952,-2.4183445,-2.3918686,-2.3604026,-2.4641023,-2.4326286,-2.404282,-2.3786964,-2.3878818,-2.3815107,-2.431076,-2.3872461,-2.382483,-2.357244,-2.3163931,-2.3539505,-2.502325,-2.291064,-2.4046915,-2.4753966,-2.3947175,-2.4128675,-2.3611486,-2.4560204,-2.4340217,-2.376657,-2.4302888,-2.3630126,-2.3933942,-2.298321,-2.3499277,-2.4187205,-2.4084086,-2.3060923,-2.4747775
-3.8499863,-2.4196048,-0.10365915,0.0019505993,-2.3159456,-2.3055272,-2.253594,-2.3798041,-2.3360732,-2.210962,-2.3255835,-2.331861,-2.31832,-2.3248637,-2.3455033,-2.337329,-2.2914667,-2.2958236,-2.3655214,-2.3209634,-2.3474116,-2.3624132,-2.3301225,-2.2853575,-2.380606,-2.3314526,-2.32232,-2.3055868,-2.3175538,-2.3201704,-2.3963962,-2.2791457,-2.3077383,-2.2902002,-2.25332,-2.3114843,-2.3905704,-2.2226543,-2.3300574,-2.392993,-2.3034568,-2.3312302,-2.282062,-2.3696992,-2.3332283,-2.2920797,-2.3354425,-2.2729578,-2.290224,-2.245695,-2.2692077,-2.3324146,-2.313285,-2.221787,-2.3837569
-2.555482,-0.75505054,-0.047213554,0.0018188545,-0.707837,-0.62485874,-0.62846875,-0.7609368,-0.7648979,-0.6920437,-0.6776056,-0.74215937,-0.68153363,-0.75243807,-0.7935798,-0.7326224,-0.7161145,-0.724702,-0.6676484,-0.6599131,-0.7753792,-0.67705584,-0.76467824,-0.68719196,-0.7768612,-0.7525325,-0.7653063,-0.7046404,-0.7173835,-0.6570912,-0.675954,-0.6835636,-0.6634557,-0.7055904,-0.71216416,-0.7315762,-0.72876036,-0.66685474,-0.6775578,-0.7211058,-0.72884035,-0.7081785,-0.67587435,-0.72544694,-0.7191107,-0.6557137,-0.6899766,-0.77066755,-0.7012125,-0.6026232,-0.7243119,-0.66599214,-0.73268867,-0.6957735,-0.73121405
-2.1043797,-0.40800068,-0.017209798,0.0012268473,-0.39079088,-0.42848605,-0.36289567,-0.3906991,-0.29873765,-0.37417975,-0.40680748,-0.34346676,-0.37785196,-0.36444724,-0.3574983,-0.41746116,-0.35633087,-0.34434044,-0.4223746,-0.44151396,-0.36043653,-0.43516475,-0.36512026,-0.3841951,-0.372855,-0.39106107,-0.40142012,-0.38066077,-0.42513442,-0.42625242,-0.4302737,-0.37393418,-0.3791628,-0.4007516,-0.36719418,-0.3865869,-0.35451174,-0.397779,-0.4073152,-0.37584305,-0.36391294,-0.44607067,-0.41299424,-0.40729666,-0.44266284,-0.4224106,-0.42109257,-0.33638823,-0.35311168,-0.46818012,-0.32453284,-0.4144324,-0.4120736,-0.4234081,-0.38823202
-3.2706842,-1.230023,0.22969377,0.0024836697,-1.4597168,-1.4503306,-1.5112442,-1.4390051,-1.4191868,-1.541562,-1.4783499,-1.4013317,-1.4551605,-1.3982873,-1.2558153,-1.4536381,-1.4671487,-1.4968846,-1.4467518,-1.4879496,-1.4412932,-1.4632101,-1.46137,-1.4795609,-1.4077727,-1.4595591,-1.4260433,-1.4851828,-1.4793208,-1.4688456,-1.46878,-1.423254,-1.4635961,-1.4807093,-1.5114625,-1.4185796,-1.4542406,-1.5438608,-1.4529841,-1.3542228,-1.4545605,-1.4210434,-1.5140585,-1.3999267,-1.4264791,-1.5365537,-1.4988534,-1.4950564,-1.4783493,-1.5188522,-1.5081881,-1.4830784,-1.4346864,-1.5159471,-1.4537147
-3.5570202,-1.6646422,0.19622302,0.0017910899,-1.8608652,-1.8730358,-1.8992666,-1.9417347,-1.8696027,-1.903289,-1.8225858,-1.8382636,-1.9194192,-1.9161415,-1.8720547,-1.8057404,-1.8562304,-1.8467008,-1.8872578,-1.89883,-1.8470759,-1.8684349,-1.8777485,-1.8554797,-1.8874186,-1.8037524,-1.8744445,-1.8592181,-1.8841982,-1.9181435,-1.889168,-1.8047724,-1.8795879,-1.8813391,-1.8866339,-1.9814751,-1.7427835,-1.8787798,-1.846085,-1.8146544,-1.846035,-1.8635983,-1.8292545,-1.8752112,-1.8508584,-1.8519658,-1.7672334,-1.8248732,-1.8351948,-1.8983636,-1.8219155,-1.8329897,-1.8462327,-1.8561597,-1.8120397
1.7381446,0.24964254,0.08422133,0.053799022,0.1654212,0.055819273,0.38233328,0.16347066,0.028574944,0.32613844,-0.19042984,0.024866343,-0.10978472,0.3626144,-0.18283767,0.051130176,-0.08777577,-0.08572328,0.57074106,0.11826129,0.22905976,0.03207922,0.250113,0.4553728,0.02475059,0.55404055,-0.2791997,0.24388292,0.09019002,0.5263932,0.13545355,-0.0010439157,-0.043091655,0.07548146,0.3970735,0.29156816,0.2264943,-0.0120716095,0.05682391,0.3088807,0.2418319,-0.17340171,0.25896835,0.37541896,0.6347656,0.4227569,0.49327505,0.042157456,0.008280925,-0.0129516125,0.35706723,0.16950223,-0.094527274,-0.0622347,0.62050104
1.2828948,0.15692344,0.11473209,0.36832222,0.04219136,-0.5122905,1.26705,0.23058383,-0.2989843,-0.41442257,-0.4642349,-0.31799865,-0.9126234,0.009073999,-0.398911,-0.026591808,0.17844212,-0.4109388,1.5444623,1.0547493,-0.30346867,-0.39662397,-0.49692762,-0.4814269,-0.47441214,0.92956746,-1.2977034,0.36624128,-0.21664736,0.47596043,0.40397593,-0.38324028,-0.53795695,-0.06800215,0.17695129,0.6724103,-0.051970452,-0.41745454,0.64517355,0.567047,-0.23568666,-0.65188354,0.7930851,0.4442299,0.57203805,1.05506,0.6648613,-0.32156393,-0.58903307,0.4181228,0.5716262,0.2873041,0.50162363,-0.41902384,-0.62005043
-1.9342815,-0.25299746,0.061137944,0.015022077,-0.3141354,-0.42106697,-0.17311081,-0.0034476668,-0.07429695,-0.33895668,-0.42828554,-0.101158425,-0.25879243,-0.2221477,-0.24716862,-0.5814836,-0.44655663,-0.33650446,-0.4382838,-0.41888905,-0.34583938,-0.41314775,-0.21078184,-0.30141675,-0.2614038,-0.33462846,-0.42577583,-0.21334696,-0.32682672,-0.366987,-0.28618616,-0.2759776,-0.09208393,-0.29377186,-0.25109136,-0.38281322,-0.45423782,-0.36683565,-0.26004893,-0.23227024,-0.30777872,-0.4029317,-0.32478166,-0.03917837,-0.32824993,-0.30425793,-0.43097395,-0.20258796,-0.5009505,-0.4091331,-0.2315552,-0.31812334,-0.50376403,-0.4412222,-0.37566197
-1.2443693,0.0989288,0.078832015,0.18107307,0.020096786,0.00019390881,0.110695586,0.6596571,-0.70954293,-0.5492875,0.39833844,0.15925157,-0.37367308,-0.21188104,0.1861817,-0.08793521,-0.119384766,-0.24685043,-0.07023102,-0.38584048,0.9500779,0.38825762,0.11242896,0.32043755,0.52763176,-0.592893,0.15822738,-0.0030639172,0.60952574,-0.12581861,0.47248396,-0.7771001,0.4007802,0.23234248,-0.11555803,-0.5092056,0.5481893,-0.28912878,0.06366563,-0.51328874,0.3576486,0.2678218,0.46904376,-0.33595562,0.6876975,-0.42786247,0.06316298,0.5274447,-0.41448647,0.036022678,-0.10161742,-0.91927767,-0.15921557,-0.17948484,0.5162139
1.8462784,0.15864857,-0.061922535,0.020489559,0.2205711,0.20216727,0.3942902,0.2197276,0.09978008,0.34543085,-0.043525267,0.088003874,0.15946794,0.3456022,-0.04674363,0.17064783,0.0724864,0.1266641,0.4068637,0.16521253,0.32951894,0.18538022,0.33534694,0.35534096,0.17145613,0.44098294,0.03003344,0.23771593,0.26638952,0.336289,0.09635247,0.11533159,0.12697595,0.11281291,0.39421976,0.24069327,0.2692544,0.10442984,0.13049217,0.22875065,0.1970619,-0.021873474,0.16132188,0.41695282,0.49286616,0.37005234,0.44639754,0.1585974,0.10999164,0.17436206,0.39001933,0.13168669,0.059784472,0.17065027,0.5568402
-1.8256073,-0.14940974,0.12522563,0.035155773,-0.27463537,-0.44972497,-0.10310435,0.25254554,0.039247394,-0.49384016,-0.3605268,0.008395731,-0.1682756,-0.13338768,-0.09601605,-0.5647292,-0.522619,-0.3304605,-0.47059178,-0.40895283,-0.18713744,-0.4617443,-0.07513559,-0.21832216,-0.26039565,-0.4609605,-0.4514637,-0.0006608963,-0.15475193,-0.37825465,-0.110358,-0.3237988,-0.030757904,-0.20696431,-0.21127808,-0.44512296,-0.47656536,-0.40676728,-0.18540013,-0.14054206,-0.45778704,-0.32532072,-0.09319596,-0.06698239,-0.31013727,-0.25464058,-0.34470046,-0.10502744,-0.64525354,-0.3776024,-0.20591071,-0.22304177,-0.5642005,-0.45013317,-0.3194132
-0.060210943,-0.035414822,-0.48212677,1.3053741,0.44671196,2.041059,1.1337786,0.2503913,1.4298726,1.9179939,-0.073679775,0.25390267,-0.641441,-1.9621531,0.7151849,1.1962459,1.3974762,1.3728724,-0.49582615,1.2504476,-1.5483581,1.3689082,-1.2105064,0.11451578,-0.53555083,-0.7053753,0.48225808,0.10898483,0.90977454,-0.52856624,-0.5312494,-0.06449199,0.21647727,-0.92267144,-0.10877895,-0.37566066,-0.08563161,-0.011981785,0.86783063,2.121112,1.4876019,0.30753112,-1.3964237,0.49402887,0.83738256,-1.0491447,1.3514522,-0.4254583,2.7148736,2.7361035,-0.32324648,1.2227182,1.8587197,2.8202052,0.35208988
1.1268349,-0.08203089,-0.107565716,0.5311354,0.025534825,-0.818956,1.7096261,-0.043872356,0.14445138,-0.71795547,-0.4119733,-0.52422047,-1.2090188,-0.2525424,-0.40979016,-0.029148102,0.293189,-0.44554806,1.7422509,1.3724873,-0.5055311,-0.13781464,-0.8665621,-1.011793,-0.6303412,0.82891667,-1.3126084,0.22365202,0.080269575,0.40750635,0.34359258,-0.42749166,-0.59709704,-0.0933862,0.05273664,0.7879065,-0.2644642,-0.42447615,0.76133204,0.38526943,-0.3636402,-0.5896261,0.57720256,0.540079,0.45409584,1.4096682,0.5291803,-0.3172076,-0.58070207,0.7402498,0.6221235,0.51626164,0.94932544,-0.16414611,-1.0447185
-0.13091564,-0.20343897,-0.6441338,1.3013492,0.44069487,2.1148217,0.907495,-0.009745896,0.9664326,1.8844354,-0.1473605,0.32853508,-0.46893743,-1.9287384,0.87335575,1.5364958,1.6199025,1.2807823,-0.42655304,0.9498562,-1.3610641,1.4063401,-1.1992706,0.21457374,-0.5056649,-0.92521864,0.45938826,-0.031811297,0.8499741,-0.3368318,-0.45092088,0.2629311,0.29761332,-0.85195297,-0.2108072,-0.41152084,-0.031232476,-0.03566225,0.98045665,1.8659627,1.571926,0.29324603,-1.6161731,0.48880523,0.9207785,-1.271786,1.3963062,-0.44367713,2.8979328,2.6569998,-0.530535,1.1219615,1.7315092,2.7484887,0.6029016
-0.65151274,0.023508068,-0.1534808,0.7988596,0.17698887,1.7802207,0.45429334,-1.0162985,-1.2005641,0.44480056,-0.43835643,-0.31305242,-0.613423,-1.2043307,1.4397651,1.2925988,1.2835326,0.48580027,-0.5657234,-0.5773237,0.6041739,0.21914095,-1.2570441,0.38705468,1.596999,-0.994586,0.8212901,-1.4913502,0.94472957,-0.2181691,-0.08988814,0.45999497,0.52358985,0.43609977,-0.6359397,-0.3993144,-0.19712198,-0.1629343,0.74421537,-0.1373986,0.82534325,0.24111843,-0.68116,0.2611264,1.2809291,-1.1718438,0.53471476,0.34723678,1.4076312,1.4412355,-1.1824008,0.07621992,0.26576734,0.7997178,1.9983265
-1.5705235,-0.3439487,-0.16959807,0.0980245,-0.17435062,-0.5044258,0.09462914,0.71559685,-0.23543954,-0.8190323,-0.33188462,0.13721794,-0.35183913,-0.42116296,-0.1868537,-0.42940378,-0.58272696,-0.26697186,-0.39089274,-0.4605348,0.2469136,-0.33078462,0.24325696,0.12951505,0.017462432,-0.6542497,-0.5348467,0.1812284,0.12465501,-0.17037755,0.2878178,-0.29971588,0.26844442,0.045197457,-0.089645386,-0.6378305,-0.2009114,-0.40852502,-0.010181129,-0.27421877,-0.16484642,-0.18624973,0.43222743,-0.16600227,-0.09637855,-0.20667154,-0.13850868,0.14590055,-0.7454145,-0.35359037,-0.14571723,-0.12719,-0.31453824,-0.4710498,-0.078981996
1.38711,-0.0018588285,-0.04241563,0.24671775,0.040556803,-0.21610248,0.92945004,0.24198702,-0.6018536,-0.21040279,-0.46876684,-0.23234296,-0.7393116,0.17645262,-0.2885056,0.00860095,-0.0524292,-0.35389066,0.96030855,0.6429083,-0.2266194,-0.46443343,-0.22922945,-0.20196992,-0.38032904,1.0548676,-1.1877837,0.41569683,-0.33501267,0.47144562,0.4427891,-0.28857547,-0.48212287,-0.02178733,0.16654831,0.5556155,0.037939906,-0.36954826,0.35801342,0.5278727,-0.23312557,-0.6072384,0.7876241,0.38627052,0.6031072,0.7609482,0.71117556,-0.2870711,-0.40926084,0.19158372,0.39275455,0.30914384,0.35521436,-0.29719245,-0.27557266
-0.93415844,0.024585553,-0.10061019,0.3654714,0.12519574,0.8757796,0.11848612,0.04097244,-1.3288391,-0.13922489,0.81280816,-0.10587484,-0.35406142,-0.35537505,1.1779189,0.56790507,0.20706499,0.06903359,-0.1590547,-0.5491511,1.0428779,0.496005,-0.4997095,0.48793495,1.1163921,-0.62968373,0.7520223,-0.5749283,0.8683796,-0.16846621,0.05467041,-0.35525465,0.290344,0.5026062,-0.46324646,-0.5154388,-0.10806739,-0.20843777,0.5619063,-0.605983,0.20059562,0.3332491,-0.2555266,-0.5043617,1.2123978,-0.576315,0.52532667,0.6206035,0.5697502,0.61634123,-0.62794477,-0.42639887,-0.0719769,0.3193458,1.4023902
-0.1531657,0.16631658,-0.2729491,1.2947384,0.4392657,2.1138258,0.8304317,-0.09160739,0.8205929,1.8725863,-0.112434685,0.35202193,-0.40736014,-1.9190848,0.924266,1.6373734,1.6791934,1.2326202,-0.41499567,0.8549092,-1.3032779,1.4210715,-1.1970043,0.22476995,-0.4566313,-0.97944343,0.43820035,-0.06793791,0.87390774,-0.2685421,-0.44933107,0.36596787,0.33158034,-0.8300857,-0.23114467,-0.42332911,-0.014042735,-0.061680846,1.010716,1.7826123,1.5813973,0.2810483,-1.6101253,0.4871602,0.9425028,-1.3410945,1.3893828,-0.4519074,2.9529703,2.6222992,-0.59130913,1.090253,1.6752528,2.7150598,0.68168366
-1.0174332,-0.025080178,-0.13397351,0.2951324,0.108893335,0.5224247,0.05962321,0.3406581,-1.1431997,-0.37290895,0.79743636,0.048875302,-0.3971869,-0.26211822,1.0499647,0.3268757,0.101864696,-0.05414486,-0.12369764,-0.4642765,1.1013377,0.51003724,-0.2641744,0.39947915,0.98018646,-0.56925553,0.69720674,-0.31478715,0.8020524,-0.19776201,0.2449927,-0.62396723,0.34499645,0.4178029,-0.392977,-0.51391065,-0.075802565,-0.22056563,0.38597023,-0.60318744,0.3520713,0.31462836,-0.0035355836,-0.51953304,1.1532116,-0.46373016,0.3509438,0.7217304,0.30835867,0.4243749,-0.45494527,-0.5553738,-0.08332133,0.17731363,1.1846112
0.6591852,0.09714567,-0.018305637,1.2039195,0.115451306,-0.4799405,2.1166368,1.0509073,0.77435946,-1.8893687,0.099121734,0.1125648,-1.5688375,-1.8014349,-0.34862658,0.03553796,0.70389307,-0.30095178,1.3666828,2.9635944,-1.1628867,-0.11720991,-1.1757431,-0.72763306,-0.712724,-0.29593384,-0.6002594,0.35911083,1.6833515,0.022841454,0.065092914,-0.46396217,-0.88693976,-0.46087697,-1.5168703,-0.40241754,-0.920328,0.17449224,1.0838873,1.0823858,-0.026787996,0.8952756,0.0067840815,-0.273605,-0.6161336,0.957039,-0.41058385,-0.54760444,0.6361695,2.2311544,1.3312124,1.6548262,2.1852808,0.7080422,-0.8200195
1.644794,0.27287394,0.13357979,0.09626105,0.13929415,0.014674544,0.4272771,0.18969229,-0.16326237,0.30365878,-0.37172365,-0.032212734,-0.34140217,0.42277294,-0.13738042,0.0008968413,-0.2133038,-0.08496779,0.727877,0.13323677,0.15637691,-0.112718344,0.13923788,0.4399892,-0.10825758,0.709975,-0.5630298,0.2900446,-1.37761235e-05,0.64978796,0.27267665,-0.083418846,-0.18991038,0.04961229,0.3865934,0.36291397,0.17775662,-0.11323297,0.04728376,0.41417754,0.21006572,-0.32750833,0.40068936,0.37872368,0.71184695,0.43205118,0.5599451,-0.058364406,-0.08147114,-0.18484706,0.32961208,0.26433504,0.001072526,-0.09942371,0.62630296
-1.0629954,-0.307417,-0.3991897,0.26678774,0.09177269,0.33008033,0.05431041,0.49140808,-1.0416313,-0.52580523,0.770576,0.07225245,-0.4194878,-0.2132253,0.86039,0.14568567,0.052800536,-0.092871666,-0.081225336,-0.4163143,1.1245096,0.4846204,-0.13570446,0.3376794,0.888518,-0.57715,0.57895774,-0.26165175,0.7562919,-0.17920732,0.35961384,-0.76691973,0.3715645,0.37469563,-0.33655477,-0.5117035,0.04923427,-0.22719902,0.2522118,-0.607102,0.4212247,0.2509451,0.13433634,-0.48267603,1.1208299,-0.4021291,0.26091486,0.7678009,0.16269432,0.33890295,-0.3760077,-0.6333952,-0.09927392,0.10740632,1.0554141
1.3785517,0.17150383,0.13026974,0.2561927,0.0412341,-0.22497618,0.96107256,0.24352852,-0.57737255,-0.22936124,-0.4766314,-0.23549461,-0.75224245,0.16477391,-0.30396697,-0.0062659085,-0.033471048,-0.35857946,1.0219897,0.6785891,-0.23217103,-0.4737761,-0.25438356,-0.2242406,-0.38057825,1.0445782,-1.1968104,0.420573,-0.32502884,0.47298926,0.44615275,-0.2963478,-0.4753411,-0.024158865,0.16740227,0.56148314,0.030556828,-0.37348223,0.38241273,0.54291576,-0.25421357,-0.6059046,0.7995024,0.3910308,0.60055614,0.78890276,0.7137933,-0.29091564,-0.4245418,0.21108836,0.4025156,0.30071962,0.36960983,-0.3181017,-0.30667377
-0.94887376,-0.34602487,-0.47041863,0.35133222,0.12439377,0.81333745,0.10624896,0.10706991,-1.296034,-0.16346893,0.8108532,-0.06890631,-0.3616832,-0.3356948,1.1805638,0.53044343,0.1825546,0.047266603,-0.15541494,-0.5342113,1.0532093,0.50544316,-0.45748687,0.47535062,1.0918082,-0.59026533,0.74538976,-0.5245125,0.8616733,-0.20078713,0.08479409,-0.3988752,0.3023591,0.48565477,-0.45083213,-0.5172365,-0.10727358,-0.21058156,0.55302787,-0.6089593,0.21615386,0.3362124,-0.21099746,-0.5215229,1.2019396,-0.55642116,0.5064245,0.64116466,0.5235614,0.57923853,-0.5932959,-0.44862914,-0.0675261,0.2905099,1.3680513
-1.9203706,-0.2800346,0.028391033,0.017069437,-0.30842564,-0.42310664,-0.16865087,0.030241944,-0.05976343,-0.35886225,-0.4189989,-0.081340805,-0.24208641,-0.21078718,-0.2304302,-0.58523154,-0.4552127,-0.33836848,-0.43588066,-0.41773915,-0.32552487,-0.41936916,-0.19341727,-0.29591942,-0.2612743,-0.3327421,-0.42781466,-0.18779516,-0.31878483,-0.36810935,-0.2636783,-0.28604603,-0.08423376,-0.28502035,-0.24931741,-0.38590026,-0.46233702,-0.364304,-0.2504934,-0.2205292,-0.32698023,-0.39917684,-0.29513866,-0.004627228,-0.31653953,-0.29760993,-0.41993195,-0.19286394,-0.519422,-0.4050964,-0.22827034,-0.31081998,-0.51515186,-0.44236165,-0.36846247
-1.1238296,-0.13330477,-0.19604921,0.23501909,0.062744446,0.078823954,-4.3183565e-05,0.5611897,-0.91036296,-0.57460517,0.7347117,0.10346684,-0.45170963,-0.1325543,0.5739358,0.017916441,-0.012708783,-0.11652714,-0.053210616,-0.33914363,1.074484,0.4879635,-0.062289536,0.2932638,0.7596947,-0.5723377,0.42107743,-0.18031335,0.67151463,-0.15443152,0.4877766,-0.9455215,0.40703917,0.32547677,-0.25565958,-0.5092578,0.2161876,-0.23605809,0.04892218,-0.61172724,0.5194527,0.24498796,0.31707972,-0.43346477,0.9542135,-0.40515897,0.19042492,0.71335614,-0.047704354,0.22477749,-0.31911597,-0.73717296,-0.12056923,0.0140707195,0.87706256
-0.8091631,0.024155231,-0.11834182,0.5224516,0.14249705,1.3291651,0.21627319,-0.41890916,-1.4397185,0.06670162,0.3560326,-0.306045,-0.38263935,-0.79037416,1.1619549,0.88532114,0.62109816,0.23252586,-0.29914343,-0.6658397,0.91231513,0.36745447,-0.87909085,0.4600376,1.4457606,-0.8369988,0.96397924,-1.003164,0.92531157,-0.055620372,-0.06300108,0.00012975931,0.3634888,0.65768826,-0.5605514,-0.432724,-0.11816573,-0.19023481,0.65352786,-0.49743915,0.27734208,0.29062533,-0.51734465,-0.022122025,1.3012342,-0.7963089,0.556916,0.48029768,0.9353253,0.9453883,-0.9222723,-0.22620463,-0.07599878,0.52490795,1.6939608
-0.0023095608,0.1439451,-0.2840818,1.309792,0.42802688,1.8987652,1.3012292,0.46230996,1.7779157,1.7089541,-0.006406784,0.19278574,-0.70744264,-1.9895165,0.52253073,0.97646594,1.2328985,1.2683853,-0.52489096,1.4734595,-1.7004013,1.3664936,-1.2206899,0.029361486,-0.5662966,-0.6449792,0.34342694,0.2852533,1.0212479,-0.8147656,-0.6259894,-0.25450683,0.15152574,-0.9676383,0.022573829,-0.29124236,-0.13580924,-0.007442966,0.75704336,2.2867055,1.4539505,0.22921824,-1.2357749,0.47205758,0.7971784,-0.870183,1.2271599,-0.5725569,2.5429134,2.7298627,-0.08363481,1.1869775,1.9311202,2.8297534,0.1419884
1.183223,0.3948753,0.3634061,0.46338043,0.0314692,-0.74171907,1.549714,0.051446557,0.014772177,-0.5837441,-0.43085644,-0.4555025,-1.0890319,-0.16186805,-0.4058595,-0.015538514,0.2901588,-0.46239096,1.6554112,1.1838435,-0.38769603,-0.25300384,-0.7367743,-0.7948986,-0.5708027,0.8675544,-1.3426516,0.27248156,-0.090041995,0.45613283,0.3945912,-0.39490336,-0.5847137,-0.09624545,0.17858803,0.7870432,-0.14574382,-0.44932365,0.72993976,0.44602725,-0.2729293,-0.6402379,0.81144154,0.4803832,0.53714263,1.24174,0.57513607,-0.32360783,-0.6385194,0.64838296,0.60770184,0.3645388,0.7129216,-0.28833333,-0.9266952
-0.58964574,-0.17297441,-0.37978816,0.908475,0.20681374,1.8924248,0.5712733,-1.1276557,-1.0709392,0.6421168,-0.71804065,-0.29555643,-0.5964033,-1.309618,1.48069,1.4413075,1.5306394,0.45288318,-0.6260694,-0.37211314,0.40208447,0.2154904,-1.3196297,0.40108562,1.3858774,-1.0288439,0.73970515,-1.4537988,0.9494068,-0.32093632,-0.10044131,0.6404627,0.5482847,0.29188383,-0.6414603,-0.40685022,-0.21651852,-0.14318085,0.83294237,0.11091268,1.2225989,0.23745179,-0.8621449,0.3093747,1.2847154,-1.3434227,0.57704747,0.26899818,1.6987449,1.6367553,-1.2266124,0.20833778,0.4515568,0.989944,2.1059265
0.5652108,0.026911253,-0.12993982,1.2463189,0.15685108,-0.1550582,2.0242043,1.2470412,0.9002454,-1.4372487,0.090162724,0.19602394,-1.5853143,-2.033643,-0.12778085,0.29527563,0.66096175,-0.39149904,0.9551783,2.903511,-1.0971895,0.11629629,-1.404612,-0.4374249,-0.8924544,-0.48004615,-0.4144892,0.60344124,1.8439448,-0.18351966,-0.06575961,-0.38287556,-0.9488932,-0.62502563,-1.5418646,-0.6595789,-0.94056845,0.20307219,1.196157,1.358815,0.31527245,0.9752115,0.11656892,-0.2591356,-0.5087119,0.6255752,-0.45337832,-0.6300566,0.9819803,2.3452241,1.1932966,1.8228922,2.305491,0.9001642,-0.67732346
1.5648863,-0.085258566,-0.18591085,0.12799408,0.10065229,-0.049024582,0.44497907,0.20997806,-0.41233206,0.1620816,-0.3857112,-0.09115744,-0.4700005,0.419651,-0.15293363,0.0095222,-0.29616278,-0.16185766,0.77507496,0.15579276,-0.052320007,-0.22178245,0.107804775,0.25178766,-0.22348046,0.8676145,-0.77378476,0.3290077,-0.09775679,0.6350086,0.33694088,-0.15393192,-0.32599816,0.027471915,0.33159798,0.42398673,0.1413531,-0.24582613,0.079035684,0.504309,0.11008954,-0.3626815,0.5220051,0.38784364,0.6839155,0.44000912,0.6229788,-0.1922159,-0.16276094,-0.20513213,0.31922334,0.30714673,0.101462215,-0.046111196,0.4079044
1.7850103,0.30703774,0.12149389,0.036468983,0.18554385,0.09792352,0.39845264,0.16771701,0.060137272,0.33449876,-0.112492085,0.050409317,0.017006278,0.33241078,-0.18052676,0.08621885,-0.019216418,0.008400679,0.47646433,0.121364,0.257811,0.1059258,0.30607843,0.4087304,0.091527835,0.4757558,-0.14517617,0.22133577,0.14351279,0.45386624,0.06916941,0.04031062,0.030615836,0.090969615,0.40827292,0.25575042,0.24568245,0.038336337,0.08833921,0.27220827,0.26278818,-0.0788244,0.17889857,0.40968138,0.57709813,0.4053359,0.47211766,0.09262286,0.052363217,0.10510534,0.37134585,0.134135,-0.03897661,0.044287503,0.5914233
-0.8880578,0.058825552,-0.07303463,0.4152781,0.13186018,1.0713935,0.15681937,-0.123559564,-1.4033301,-0.063275695,0.69712496,-0.19492477,-0.3301872,-0.494946,1.1499124,0.68525755,0.3535329,0.13051167,-0.20200932,-0.5952871,1.017938,0.46643096,-0.6342098,0.51043844,1.2378707,-0.6988766,0.82245344,-0.73287,0.8893747,-0.0723114,-0.037060946,-0.2186001,0.2728474,0.558824,-0.5021508,-0.49587047,-0.110562325,-0.20172542,0.6160015,-0.56595105,0.18761277,0.3175292,-0.38644743,-0.39336896,1.2451628,-0.6401063,0.57768035,0.5561916,0.7136676,0.732573,-0.7364981,-0.35674977,-0.10171199,0.40848437,1.5099683
-0.8306987,0.015617214,-0.12259295,0.48804155,0.13821016,1.2609264,0.19868347,-0.33531487,-1.454509,0.031222325,0.4618791,-0.275712,-0.36773616,-0.7199344,1.1061329,0.83126915,0.5480627,0.20427403,-0.27262896,-0.6480328,0.9422022,0.39547962,-0.8102041,0.47761416,1.3890138,-0.7988189,0.9113825,-0.9293831,0.9154994,-0.059605062,-0.05932851,-0.060069025,0.33856773,0.6297403,-0.54744554,-0.45363116,-0.11384761,-0.19337219,0.67229545,-0.51614064,0.24415112,0.29796982,-0.48183376,-0.113481045,1.2859286,-0.74929005,0.56419724,0.49883056,0.87634563,0.8771886,-0.8715615,-0.2631091,-0.08750868,0.49032858,1.6438211
-0.96990454,-0.25527623,-0.37818825,0.33327636,0.12291202,0.72409856,0.08876075,0.19910741,-1.2491513,-0.21730089,0.80806005,-0.016070604,-0.37257347,-0.313124,1.1623142,0.4769082,0.15304661,0.016158462,-0.14851415,-0.5128041,1.0679723,0.5189396,-0.3981881,0.4573679,1.061919,-0.5610206,0.74639577,-0.45246077,0.84764445,-0.21794897,0.12784691,-0.4641897,0.3172809,0.46484226,-0.43308198,-0.51621735,-0.106134295,-0.21364294,0.52842224,-0.6069764,0.27993345,0.33259344,-0.14735681,-0.54337156,1.1869915,-0.52798533,0.46417367,0.67054945,0.45754611,0.522868,-0.5437729,-0.48040307,-0.06305814,0.25023386,1.3189741
0.21099067,0.16850671,-0.15837318,1.2179744,0.3268799,1.3140333,1.7112306,0.9506418,1.7682112,0.72815,0.22064465,-0.10009074,-0.90888494,-2.1831398,0.19528909,0.5347761,0.8648714,0.7843635,-0.16390485,2.1250787,-1.3712386,0.9959037,-1.4486624,-0.17921698,-0.6349479,-0.65553355,0.11890757,0.8848208,1.5815358,-1.1558789,-0.8366692,0.2340306,-0.28223312,-1.0276493,-0.71547586,-0.45287794,-0.7306837,0.16262889,0.53902406,2.2166712,1.0923061,0.43523145,-0.54866564,0.32720166,0.2142427,-0.21614385,0.35955524,-0.7151859,1.9265395,2.699616,0.7029558,1.2980763,2.0865107,2.168604,-0.5705756
1.8585565,0.24518126,0.017000511,0.01818963,0.22818075,0.24228239,0.3911085,0.2270028,0.10978985,0.34761906,-0.02970419,0.09645152,0.18864429,0.34273446,-0.019938529,0.19016846,0.09122944,0.14747226,0.39816353,0.17403188,0.34414437,0.20093894,0.3412137,0.34668964,0.18529733,0.448112,0.06514624,0.24099746,0.29407746,0.3061095,0.109216355,0.13146687,0.14628589,0.12481069,0.38370502,0.249012,0.27373806,0.120875,0.1389733,0.21776098,0.18359149,-0.0053936243,0.17135787,0.4143149,0.4759835,0.36297774,0.44124234,0.17181826,0.12154393,0.16670227,0.39376163,0.13403791,0.079577565,0.18152946,0.5503659
0.34862304,0.3285758,0.07066512,1.2724738,0.25791067,0.7511924,1.8603786,1.2884672,1.475596,-0.12772202,0.11279598,-0.008276224,-1.2521365,-2.2499437,0.20666799,0.51805633,0.6495621,0.2045329,0.37572086,2.5776162,-1.1493881,0.66881824,-1.774719,-0.1866498,-0.7796608,-0.61787516,-0.09852463,0.93257743,2.0187454,-0.8213122,-0.6878009,0.24624598,-0.72435063,-1.1310006,-1.135077,-0.63783145,-0.9797001,0.18603086,0.7536064,2.0674088,0.98951423,0.5113752,-0.05201745,0.07291528,-0.059743404,0.15056849,-0.08143127,-0.73344135,1.5814608,2.6299314,0.7335956,1.5564697,2.1863914,1.6201313,-0.7422369
0.032009125,0.082184404,-0.32788417,1.2922701,0.41006857,1.8144274,1.4013472,0.50615376,1.7992916,1.5850561,0.03072676,0.15656316,-0.7353213,-1.9972311,0.4383399,0.8219199,1.12849,1.1958554,-0.5298088,1.6055483,-1.654166,1.3693405,-1.2336218,-0.021109581,-0.58709973,-0.6405568,0.23373425,0.37323081,1.1056178,-0.9929557,-0.6631783,-0.2649691,0.10254419,-0.97766423,0.082725644,-0.25096512,-0.1971997,0.010353386,0.6913822,2.3346736,1.4272182,0.22233367,-1.1433355,0.4372676,0.7298615,-0.76411045,1.1145067,-0.6611727,2.4234524,2.7261622,0.06553789,1.1371511,1.9643886,2.7991483,-0.016456008
0.25851154,-0.027794663,-0.32322907,1.2409471,0.29543442,1.2085207,1.7652276,1.0748817,1.7073197,0.45825505,0.17606407,-0.24334884,-1.0049504,-2.2802196,0.22935513,0.5314795,0.79293823,0.5530055,0.03368312,2.2616203,-1.2946287,0.89643484,-1.5613712,-0.18148744,-0.675855,-0.6718488,0.034939766,1.0179912,1.7410042,-1.0627993,-0.87847817,0.26047873,-0.40010345,-1.062791,-0.8955278,-0.52989113,-0.8748195,0.16538063,0.6126145,2.1670914,0.9599819,0.5141766,-0.34589958,0.23940374,0.0681178,-0.08952856,0.16108859,-0.7234293,1.8046564,2.6766963,0.67300016,1.3859518,2.1182349,1.951611,-0.6925053
-1.4332494,-0.23456553,-0.15035759,0.1250093,-0.08420794,-0.28713,0.17592469,0.78072405,-0.4174404,-0.75242776,-0.35250652,0.24738885,-0.293172,-0.3447548,-0.09181282,-0.2856071,-0.3767749,-0.38192347,-0.30387986,-0.43754402,0.55162096,-0.113517106,0.27814084,0.33995783,0.20692262,-0.67995465,-0.34172547,0.16982603,0.3291865,-0.09027773,0.4248576,-0.39555854,0.36055923,0.15619084,-0.055003762,-0.5632963,0.3072679,-0.38205743,0.09948182,-0.35567015,0.003073454,0.120176554,0.49872798,-0.12110257,0.25114977,-0.25121632,-0.02488935,0.25096014,-0.691934,-0.18960454,-0.05726151,-0.42628253,-0.30561423,-0.4801198,0.08752537
-1.4183605,-0.026749067,0.047981024,0.12872666,-0.07473009,-0.26545563,0.18474314,0.77118134,-0.43672454,-0.7469516,-0.31977355,0.25438482,-0.29082805,-0.34211153,-0.06989841,-0.27001047,-0.3560909,-0.37027824,-0.294443,-0.4344635,0.590229,-0.10358316,0.27425656,0.3596617,0.22194785,-0.6726806,-0.3023172,0.16804266,0.36064237,-0.08165932,0.43610862,-0.41380545,0.361876,0.16153318,-0.058294296,-0.5587449,0.3753121,-0.37918955,0.11042392,-0.37884295,0.021285534,0.15741849,0.4975722,-0.13404083,0.28884384,-0.26505104,-0.023510873,0.26882228,-0.6861322,-0.17182094,-0.044197112,-0.46910608,-0.30417168,-0.46219677,0.1055845
1.1281543,0.23085181,0.20537284,0.5294239,0.025478972,-0.8207808,1.7058859,-0.04162565,0.14141345,-0.7146904,-0.41241664,-0.5269327,-1.205635,-0.25089237,-0.4096984,-0.028997868,0.29357868,-0.4459406,1.7401882,1.3680723,-0.50217867,-0.14080119,-0.8635154,-1.0067186,-0.6289482,0.8298229,-1.3133135,0.22451094,0.07496962,0.40880847,0.3448536,-0.42587695,-0.59716064,-0.09351775,0.056757927,0.7884539,-0.26173759,-0.425057,0.7599222,0.38611233,-0.36152065,-0.59212446,0.5839026,0.5383332,0.45750356,1.4045954,0.5302954,-0.31739783,-0.5818698,0.7353686,0.6232449,0.5117658,0.94396573,-0.16705194,-1.0419765
1.1521204,0.049634773,0.021919142,0.49944282,0.02771563,-0.8156601,1.6379197,-0.0008133948,0.08630133,-0.6553764,-0.42044246,-0.5069163,-1.1465336,-0.21626478,-0.40802836,-0.023559362,0.3006422,-0.4531033,1.7027528,1.2878959,-0.44358304,-0.19504273,-0.80817676,-0.91453344,-0.6036461,0.84624326,-1.3260794,0.24382716,-0.0017479658,0.43243945,0.36776465,-0.406798,-0.5913485,-0.095911175,0.12983418,0.7983837,-0.21200156,-0.43561816,0.74436295,0.40252855,-0.32296312,-0.63647056,0.7056333,0.5066284,0.4935242,1.314534,0.5499549,-0.32021165,-0.6048889,0.71347725,0.62511957,0.43013215,0.84362197,-0.21983267,-0.99218875
1.3435764,0.00734149,-0.038592868,0.2979888,0.045934357,-0.26230752,1.0903009,0.24540602,-0.47732306,-0.30684054,-0.48455626,-0.25362587,-0.80633175,0.11706149,-0.3671562,-0.06703025,0.044013917,-0.3777228,1.2740653,0.82440615,-0.25485554,-0.4438529,-0.34574103,-0.31524825,-0.3911682,1.0025264,-1.2337005,0.43002075,-0.28422847,0.48421043,0.44517323,-0.32812023,-0.4696076,-0.044021755,0.17089325,0.5924484,0.00038197637,-0.38955814,0.48212177,0.6039916,-0.24942303,-0.6219915,0.83325744,0.4104814,0.59013,0.9027598,0.7147323,-0.30497178,-0.4869848,0.29079267,0.4424058,0.272758,0.42843652,-0.405332,-0.42435765
-1.5318985,-0.3153603,-0.16235167,0.105475046,-0.15300864,-0.49049395,0.11750382,0.7408577,-0.2866503,-0.7948499,-0.38282394,0.15672144,-0.32996792,-0.41150427,-0.19599536,-0.38894367,-0.51470834,-0.30121598,-0.3664099,-0.45795244,0.2980059,-0.28208655,0.25695938,0.19097304,0.07136592,-0.68944615,-0.54158384,0.17802167,0.17109394,-0.15098017,0.34137797,-0.3378563,0.33996582,0.076426536,-0.07123041,-0.60629034,-0.05682361,-0.40107766,0.017141223,-0.29669255,-0.11759901,-0.12660098,0.47360292,-0.14894438,0.0014065914,-0.21010506,-0.104622245,0.18095955,-0.7303665,-0.30744833,-0.13660087,-0.20341563,-0.31517828,-0.474218,-0.032132506
-0.95957315,-0.2797593,-0.40428215,0.3422132,0.12452286,0.7679386,0.09735203,0.15512708,-1.2721837,-0.1814493,0.80943227,-0.04202521,-0.3672228,-0.32421297,1.1824858,0.5032091,0.16473246,0.031437457,-0.15190345,-0.523347,1.0607189,0.51230764,-0.42731827,0.46620202,1.0766032,-0.5616054,0.745902,-0.4878583,0.85680175,-0.2224353,0.10669769,-0.43059087,0.31109428,0.4750659,-0.44180357,-0.5167172,-0.10669482,-0.21214002,0.5471628,-0.6079507,0.25620508,0.33437252,-0.17862043,-0.53400195,1.1943349,-0.5419546,0.49042493,0.6561144,0.4899774,0.55103594,-0.56810063,-0.4647944,-0.06428766,0.26954222,1.3430825
0.909029,-0.12083627,-0.19773102,0.8329921,0.07689475,-0.62797886,1.9883319,0.49184468,0.43671465,-1.0561671,-0.29278052,-0.24559331,-1.473551,-0.51656485,-0.57954556,-0.17905015,0.39514995,-0.042993546,1.8872898,2.5115674,-0.91161287,0.028811574,-0.95896864,-1.5231769,-0.8546526,0.4414624,-0.942377,0.2104314,0.9420624,0.24245697,0.16080894,-0.5912919,-0.75730443,-0.17126915,-0.7263388,0.41474,-0.7901226,-0.09669095,0.98145187,0.4896343,-0.5192672,0.14108276,-0.022500038,0.41413185,-0.06104946,1.4113538,0.11830282,-0.38347828,-0.05127091,1.6307423,0.93242216,1.1604912,1.690027,0.2870284,-1.1880064
-1.3266308,-0.0660679,-0.045189023,0.15143791,-0.020878872,-0.12911727,0.21746144,0.71238554,-0.57249594,-0.6461439,-0.07403308,0.25540817,-0.30965546,-0.32091922,0.06510888,-0.17392302,-0.22865033,-0.2998716,-0.18901545,-0.4125126,0.8280956,0.11769438,0.20557314,0.3389821,0.37934083,-0.6278559,-0.059513092,0.13491428,0.5391674,-0.063243866,0.4538952,-0.55301046,0.36999536,0.1861417,-0.07703447,-0.53070915,0.5712148,-0.32342046,0.13150889,-0.48099607,0.1879375,0.28340507,0.48689446,-0.24838531,0.49705952,-0.35031894,-0.00017768145,0.40249836,-0.62852067,-0.062244907,0.004605081,-0.7329403,-0.24861741,-0.32214668,0.25224185
0.7986295,0.07029072,-0.027604632,1.0463182,0.097895354,-0.5478626,2.1029909,0.8244829,0.5852748,-1.5578611,-0.116227284,-0.09700632,-1.4848647,-1.0021559,-0.65529144,-0.2762456,0.64983416,-0.1153719,1.9104354,2.890603,-1.0003484,-0.08925319,-0.94308436,-1.3833699,-0.9090829,0.06680077,-0.8183844,0.28825414,1.3864138,0.17722327,0.18904646,-0.5357273,-0.7670946,-0.2573533,-1.1627139,-0.0057228208,-0.8820557,0.08019835,1.0099084,0.7197533,-0.4724257,0.5384879,-0.09255314,0.043925814,-0.32035786,1.2546055,-0.1805346,-0.4408823,0.21877056,2.0536163,1.20413,1.4682244,1.9584041,0.4271088,-1.0398942
-0.52667797,0.14299814,-0.09612043,0.9974329,0.23911858,2.0023854,0.6775044,-1.2327213,-0.9390101,0.90112203,-0.6000506,-0.33027846,-0.5736027,-1.4162135,1.5290618,1.6280007,1.7402294,0.40995055,-0.6116399,-0.16265893,0.0968196,0.38131237,-1.3648945,0.4131825,1.0957063,-1.0637132,0.6566707,-1.2482396,0.90832466,-0.43244237,-0.12978496,0.72753155,0.58714104,0.09012468,-0.6335807,-0.3994075,-0.18122351,-0.123078585,0.92324936,0.29734308,1.5681163,0.23388386,-1.1306746,0.3225819,1.2415653,-1.5180547,0.66545904,0.12002941,2.0008712,1.8377118,-1.1520928,0.3428042,0.66315806,1.1783216,1.9591284
0.41469455,0.005937824,-0.23178314,1.2848866,0.23772097,0.4035982,1.9103559,1.3575373,1.2948372,-0.5391772,0.10318579,0.17260432,-1.4313493,-2.1745775,0.11312096,0.4705103,0.6518196,-0.10477409,0.52797705,2.7071548,-1.0692102,0.4940415,-1.8101863,-0.18857563,-0.9235981,-0.5783004,-0.19010448,0.80765927,2.0950663,-0.6129602,-0.36030114,0.23675859,-0.8417616,-1.0275313,-1.3036566,-0.6832648,-0.9650776,0.22542667,0.9809668,1.9158684,0.9291731,0.50827456,0.06424391,-0.01548443,-0.16732436,0.30990994,-0.24944186,-0.7323536,1.4178092,2.5562778,0.88299465,1.7577646,2.2446678,1.4616854,-0.74623114
-0.9771385,0.09756907,-0.02368047,0.32688323,0.12124954,0.69340295,0.08274549,0.22090015,-1.2330258,-0.2424012,0.8071005,0.0021029115,-0.3763193,-0.3053643,1.1472768,0.45849514,0.14525616,0.005458474,-0.14614016,-0.50541896,1.0730529,0.52357894,-0.37779266,0.45002365,1.0516381,-0.56227326,0.7467438,-0.42767704,0.84070224,-0.21480852,0.14362332,-0.4886204,0.3214985,0.45768106,-0.42697906,-0.5158663,-0.105742216,-0.2146976,0.50477564,-0.6062931,0.29091406,0.33023238,-0.125467,-0.5422163,1.1818491,-0.5182065,0.44579178,0.6806554,0.4348408,0.502277,-0.52674043,-0.49133182,-0.0647645,0.2391352,1.2988708
-0.55196035,0.103376046,-0.12252787,0.96500415,0.22590391,1.9582367,0.6425283,-1.1905365,-0.9919809,0.78892213,-0.70376325,-0.31568134,-0.5827565,-1.3737538,1.5093195,1.5530406,1.6618046,0.43024716,-0.6364149,-0.24707572,0.23888004,0.28504395,-1.357756,0.4049213,1.2199215,-1.0497134,0.690009,-1.3484629,0.9383443,-0.38708782,-0.10686754,0.7233165,0.5715405,0.16035242,-0.636739,-0.38199925,-0.19762194,-0.13114917,0.88699067,0.24654001,1.4293854,0.2352165,-1.022857,0.30004907,1.2658577,-1.4479368,0.6298759,0.19274125,1.8795637,1.7557818,-1.2025664,0.28881288,0.5742456,1.1011022,2.0453248
0.052338123,-0.03300358,-0.4323788,1.2790499,0.39937523,1.7581367,1.4703823,0.5363569,1.8011615,1.5116627,0.052297503,0.13510418,-0.75183547,-1.998197,0.38594574,0.72956836,1.0800233,1.1379493,-0.5327235,1.6757326,-1.6270074,1.3279929,-1.2468296,-0.04425609,-0.59942394,-0.62774014,0.20173204,0.42203438,1.1555951,-1.0985087,-0.6852083,-0.21862578,0.058429956,-0.98026085,0.091222644,-0.2548169,-0.25346094,0.03489761,0.65248555,2.3406582,1.4103628,0.2339629,-1.0885785,0.4180012,0.67774516,-0.69640887,1.0477751,-0.68332744,2.3492155,2.7239723,0.15716268,1.1076384,1.9782603,2.7810335,-0.08852923
-1.5091898,-0.025748132,0.1126547,0.1095851,-0.13840283,-0.44796953,0.13095257,0.7529581,-0.31675732,-0.7803598,-0.4111395,0.16819224,-0.31711015,-0.37172994,-0.201367,-0.36515665,-0.48227775,-0.33614397,-0.35201514,-0.45325363,0.35465264,-0.25345558,0.2618357,0.22710145,0.10305971,-0.68740225,-0.54273444,0.17613411,0.19981802,-0.14202648,0.3605952,-0.35119724,0.35266447,0.09479001,-0.06039977,-0.58964014,0.026989222,-0.39669684,0.036052585,-0.30990642,-0.08982253,-0.06979489,0.4979291,-0.13891685,0.058896266,-0.21212056,-0.077329814,0.20157216,-0.7215196,-0.28032178,-0.123897865,-0.24822891,-0.31297493,-0.47608024,-0.0045878887
-1.3799555,0.06447014,0.11718714,0.13850054,-0.052717004,-0.20954856,0.20748565,0.74656355,-0.48929995,-0.7328262,-0.23533785,0.261391,-0.28478378,-0.335289,-0.0133738145,-0.2297802,-0.30273426,-0.34023657,-0.26601326,-0.42651856,0.689818,-0.05403745,0.2486068,0.3510028,0.28426966,-0.65391374,-0.2006616,0.15417242,0.44178408,-0.064181805,0.44355533,-0.46086818,0.3652761,0.16741878,-0.06676912,-0.5470071,0.5031692,-0.34839368,0.12061679,-0.4386196,0.06826782,0.25349402,0.4951977,-0.18191421,0.3840875,-0.3007512,-0.024109542,0.3229402,-0.6711715,-0.12594311,-0.010497816,-0.57956755,-0.30044663,-0.41596338,0.16559172
-1.0350213,-0.07290486,-0.17582488,0.28329247,0.10292002,0.44779736,0.06878519,0.3998111,-1.1039922,-0.43192944,0.78706807,0.057900548,-0.40467298,-0.24324763,0.9964952,0.25574684,0.08292413,-0.07539523,-0.10730159,-0.44632024,1.1136874,0.5002254,-0.21458203,0.3774178,0.9477577,-0.57230246,0.6515604,-0.28831422,0.78517866,-0.19059962,0.2892388,-0.67914987,0.35525322,0.40039593,-0.3737551,-0.51306045,-0.027534246,-0.22312655,0.33513635,-0.6046998,0.37876546,0.29000187,0.04968585,-0.50530493,1.1407094,-0.43995106,0.31203306,0.7395151,0.25315282,0.39138046,-0.42547163,-0.58649945,-0.08947945,0.15032709,1.134739
1.1514244,0.08817587,0.060610957,0.5003028,0.027564911,-0.8173159,1.6398926,-0.0019966066,0.087898254,-0.6570965,-0.4202091,-0.50806594,-1.1481427,-0.21750532,-0.40807477,-0.023739874,0.30043715,-0.45289525,1.703841,1.290223,-0.445217,-0.19346857,-0.8097836,-0.91721064,-0.6043793,0.8457658,-1.325711,0.24318561,0.00036010146,0.4317541,0.36709934,-0.40720373,-0.5914961,-0.09584303,0.12771392,0.79809606,-0.21348324,-0.43531156,0.7446848,0.4015511,-0.32408488,-0.63620675,0.70209885,0.5075482,0.49255037,1.3170451,0.549392,-0.32013637,-0.60413617,0.7136414,0.6250666,0.4325018,0.84654725,-0.21829902,-0.99363554
0.14043522,0.16940594,-0.18753669,1.2260822,0.35694262,1.4924468,1.6164365,0.7558791,1.7399851,1.1204455,0.145778,0.017536998,-0.82340014,-2.0390027,0.23505665,0.5394695,0.96355593,0.96869767,-0.46296194,1.925246,-1.4849845,1.1435877,-1.3163952,-0.105546,-0.58481956,-0.5820538,0.10688943,0.67599845,1.3350108,-1.3108819,-0.77762294,-0.017788768,-0.13092232,-0.9811474,-0.39790964,-0.33836827,-0.528238,0.15155041,0.53036904,2.2816556,1.2348169,0.31801665,-0.8018155,0.37243018,0.43119714,-0.37685466,0.70623136,-0.7022178,2.1200037,2.7363844,0.53176683,1.1682279,2.0383687,2.5632246,-0.35620165
-0.30774546,0.018593617,-0.36836362,1.2387754,0.38695723,2.0285676,0.65872735,-0.72911596,-0.17020357,1.8241996,0.05884403,-0.09411347,-0.45828563,-1.790538,1.2734905,1.9622117,2.1383317,0.664551,-0.40403527,0.46411085,-0.883783,0.9826741,-1.2407926,0.36167097,0.051502973,-1.0571392,0.33260608,-0.45119965,0.7083664,0.010667801,-0.3752792,0.737787,0.53100944,-0.6774678,-0.3909588,-0.48988092,0.029326558,-0.049969647,1.1321268,1.0623736,2.0636413,0.20605981,-1.5477834,0.47573817,1.191524,-1.6224016,1.119775,-0.3107244,2.854551,2.402329,-0.82104516,0.8096478,1.2939574,2.2694986,1.2127112
0.12148452,0.05451068,-0.31118757,1.2371022,0.36569825,1.5495981,1.5856295,0.70814544,1.7861806,1.2258135,0.12566972,0.049131274,-0.80800575,-2.000287,0.25334793,0.54582196,0.9900625,0.99009335,-0.5413546,1.871573,-1.5155343,1.183255,-1.2814486,-0.08837628,-0.5780792,-0.57020634,0.10453421,0.61933964,1.2983859,-1.3528482,-0.7547961,-0.060991406,-0.09161794,-0.97508955,-0.2737838,-0.30660623,-0.47386333,0.13627174,0.5541683,2.299175,1.2729882,0.29525495,-0.8668251,0.38163123,0.48946667,-0.4431622,0.7998202,-0.69866234,2.163055,2.7297392,0.45851943,1.1344361,2.0254397,2.638524,-0.29862142
-0.36878955,0.16909122,-0.18546066,1.2066631,0.35455188,2.0448227,0.69494593,-0.8713727,-0.4717403,1.7751831,0.029430449,-0.22226822,-0.62538195,-1.6892667,1.4036782,2.0275052,2.141551,0.44311044,-0.4427107,0.29481012,-0.6385482,0.80998963,-1.2731209,0.4534409,0.3380159,-1.0415936,0.37485343,-0.6103847,0.6851628,-0.046865404,-0.307545,0.72070974,0.5722768,-0.5484541,-0.46268857,-0.5081166,-0.00078213215,-0.050753355,1.1277101,0.7510418,2.2030077,0.18025994,-1.4555563,0.40828514,1.2131991,-1.7316031,0.9878485,-0.24353865,2.6244705,2.285813,-0.9070673,0.67997444,1.1563926,2.0286293,1.4208326
-1.7418666,-0.23839857,0.009582549,0.056368273,-0.24798112,-0.4855271,-0.015948117,0.43822145,0.017872572,-0.59818393,-0.31659818,0.050685957,-0.2070702,-0.11934173,-0.043854497,-0.52629805,-0.59085864,-0.3141654,-0.45204222,-0.42510223,-0.051822465,-0.49951303,0.029389024,-0.11102283,-0.20278314,-0.524286,-0.4859712,0.14239049,-0.066424996,-0.34577048,0.007919043,-0.3496744,0.016497374,-0.101842165,-0.17134905,-0.5136764,-0.52953875,-0.46697366,-0.12787777,-0.17452621,-0.52223945,-0.2560544,0.06531134,-0.13459015,-0.31291366,-0.21977946,-0.26806873,-0.009630054,-0.7564522,-0.37268782,-0.18614894,-0.09747243,-0.4694487,-0.45700014,-0.2868139
-0.23282897,-0.07431245,-0.4926043,1.2530615,0.41829184,2.0748007,0.62189066,-0.38470492,0.29243731,1.8574533,-0.027335286,0.14419436,-0.22707285,-1.8843837,1.1062385,1.8415589,1.9911578,0.93811977,-0.39360517,0.656282,-1.0963846,1.2114497,-1.1844019,0.25812352,-0.27701095,-1.0762173,0.362356,-0.27394515,0.7773079,-0.015075445,-0.4436381,0.6754024,0.4399582,-0.74628866,-0.30396628,-0.46257842,0.028960109,-0.09072187,1.1062733,1.4323039,1.6673328,0.23430073,-1.533279,0.4812745,1.057694,-1.4900656,1.2816813,-0.40564817,2.9931898,2.5068905,-0.7574139,0.96407664,1.4738338,2.5544922,0.9572959
-1.7930342,-0.060227823,0.20268996,0.043331847,-0.2629178,-0.46365023,-0.08333871,0.32763657,0.05815208,-0.52728784,-0.34344012,0.024844885,-0.18430936,-0.10678446,-0.0481951,-0.5497811,-0.55657566,-0.32412294,-0.45861733,-0.41452122,-0.1395706,-0.47636843,-0.034478188,-0.17944586,-0.2600945,-0.48986727,-0.4648884,0.063442945,-0.100946575,-0.38174033,-0.063465655,-0.33677864,-0.012377262,-0.15825516,-0.19574845,-0.4717896,-0.4887346,-0.4301886,-0.16302359,-0.14475527,-0.50275075,-0.29837632,-0.02378285,-0.099497795,-0.31121612,-0.24108097,-0.3085392,-0.06209758,-0.68850803,-0.3681482,-0.19822437,-0.17419541,-0.52734506,-0.45280448,-0.31025797
1.8204327,-0.004603534,-0.20953883,0.02613768,0.2049353,0.12975073,0.40098524,0.19932234,0.07871485,0.3408184,-0.07261816,0.072142124,0.1011343,0.33963126,-0.10318071,0.12435119,0.03303188,0.079544425,0.4251798,0.1466463,0.29873568,0.15261936,0.3230021,0.37680113,0.14199664,0.4259683,-0.043878764,0.23080534,0.21121971,0.3985511,0.07160422,0.081362665,0.086325616,0.10359697,0.41254455,0.23254746,0.2598213,0.07643682,0.11263608,0.25188535,0.22541142,-0.029840827,0.1401918,0.42249855,0.5283984,0.3849423,0.45724797,0.13076556,0.08568244,0.17915475,0.38214207,0.12673195,0.018124312,0.124800295,0.5704782
-1.1589307,0.00070426316,-0.048793238,0.21788394,0.0494975,0.027530923,-0.014815837,0.5925039,-0.85188454,-0.5009965,0.7140187,0.113804996,-0.4629192,-0.14822882,0.41321346,-0.012905359,-0.050507784,-0.1422404,-0.048248887,-0.31502184,1.0385867,0.49089348,-0.010162652,0.30117822,0.6853633,-0.5635099,0.32997942,-0.14024282,0.645423,-0.15513474,0.4837998,-0.960832,0.4254645,0.2943064,-0.20898211,-0.5087366,0.31251705,-0.24519733,-0.026281834,-0.57288074,0.52150667,0.25163913,0.39678326,-0.405069,0.8734372,-0.43282014,0.14975059,0.6629269,-0.16112123,0.15893143,-0.25663677,-0.80698097,-0.1278801,-0.03978452,0.761338
1.6738489,0.28157339,0.13483372,0.08264361,0.14673966,0.04196942,0.4132868,0.18212481,-0.08235073,0.3146718,-0.3154652,-0.012756586,-0.27638185,0.40404683,-0.14809701,0.016907334,-0.18140519,-0.08555752,0.6930499,0.119261265,0.18773189,-0.06923556,0.13938618,0.449571,-0.06685783,0.6614413,-0.46611503,0.2758735,0.017030835,0.61081725,0.2346381,-0.057780683,-0.14421445,0.057665654,0.3890167,0.34070864,0.19184399,-0.08122736,0.03573718,0.38140482,0.2218144,-0.30672908,0.35657787,0.37566584,0.6881956,0.42915988,0.543452,-0.027077347,-0.052195743,-0.14968681,0.33747458,0.23311207,-0.03543073,-0.108481884,0.6603923
-1.8630036,-0.10030719,0.18778417,0.026794173,-0.28809136,-0.43373653,-0.12884325,0.16633433,0.00017607212,-0.44422415,-0.38299584,-0.01049006,-0.17318678,-0.1639297,-0.14905944,-0.5818901,-0.49548674,-0.3377381,-0.47368622,-0.41299644,-0.2417498,-0.44502318,-0.1218133,-0.24919546,-0.26074338,-0.38662422,-0.43621594,-0.07451105,-0.23669904,-0.37425,-0.17086399,-0.30890188,-0.051861048,-0.24894142,-0.22911167,-0.4145124,-0.47441185,-0.37988204,-0.21108907,-0.17210713,-0.40616918,-0.35625076,-0.17288928,-0.029652715,-0.3079728,-0.27020723,-0.37439007,-0.15050864,-0.595596,-0.3884524,-0.21473703,-0.27911556,-0.56252885,-0.4470663,-0.3387701
-1.1388642,0.24463183,0.18764895,0.22818688,0.05698288,0.033949092,-0.006371051,0.5753386,-0.885316,-0.5482577,0.7258495,0.109647036,-0.45967448,-0.13831192,0.5016633,0.0047154427,-0.028900027,-0.12442654,-0.05108565,-0.32007098,1.0593752,0.48921883,-0.039961934,0.2966535,0.7278571,-0.56855613,0.38205445,-0.16016495,0.6585324,-0.14957112,0.4885908,-0.9723967,0.41574872,0.31231493,-0.23566794,-0.5090345,0.25744677,-0.23824768,0.01349771,-0.5950886,0.54083824,0.24783587,0.3615741,-0.42130315,0.9170613,-0.41198856,0.1730026,0.6917561,-0.096737176,0.19657414,-0.29671493,-0.7667686,-0.12583351,-0.008996159,0.8274946
-1.9133071,-0.11421641,0.19124928,0.018295085,-0.3054657,-0.4241428,-0.16346562,0.047348768,-0.052384257,-0.36896956,-0.4135906,-0.07127899,-0.23360264,-0.20501578,-0.22041282,-0.587131,-0.4613812,-0.33931267,-0.44048226,-0.41715443,-0.3152093,-0.42253,-0.18460327,-0.29071975,-0.26121214,-0.33178496,-0.42884797,-0.17384529,-0.31470603,-0.3688655,-0.25225127,-0.28885934,-0.08024812,-0.28057784,-0.24841452,-0.38746476,-0.46644986,-0.3630186,-0.24564123,-0.21456257,-0.33673108,-0.3972702,-0.28008685,0.012919784,-0.3105935,-0.29423702,-0.41432405,-0.18792698,-0.5288011,-0.4030475,-0.22660695,-0.30711138,-0.5209327,-0.4429416,-0.36480632
1.4264095,0.14987691,0.10344721,0.21333396,0.0464297,-0.17535031,0.8100376,0.23491101,-0.71427083,-0.12334758,-0.43266112,-0.20306468,-0.6799332,0.23007005,-0.21750411,0.046690732,-0.13949114,-0.33238226,0.85686785,0.47906163,-0.20113117,-0.41079068,-0.11444259,-0.09970361,-0.37918612,1.1021198,-1.1047704,0.39653355,-0.29991397,0.5026991,0.42590275,-0.25287616,-0.5132601,-0.0108983815,0.17540139,0.5286655,0.07181382,-0.35148358,0.24597806,0.47357777,-0.1362977,-0.55749416,0.732234,0.3777195,0.60657346,0.6443677,0.69976556,-0.2694158,-0.33909822,0.09911418,0.34793368,0.3446856,0.28911516,-0.20884055,-0.1327461
-0.16172445,-0.0034704977,-0.44134358,1.2893076,0.43787307,2.1134434,0.80078876,-0.12309697,0.76449394,1.868028,-0.09900117,0.34007847,-0.383674,-1.9203275,0.9438409,1.6728818,1.7019986,1.2069832,-0.41055083,0.83356994,-1.2810508,1.3985515,-1.1961327,0.22675538,-0.437769,-0.9953865,0.4300533,-0.098970175,0.86347026,-0.24076903,-0.44872004,0.4056034,0.345711,-0.8216941,-0.23896968,-0.42787325,-0.0062799454,-0.071689166,1.0241016,1.7505527,1.5837612,0.27635598,-1.5868238,0.48652792,0.9461294,-1.357099,1.3815582,-0.4487512,2.972603,2.60895,-0.6102519,1.0839394,1.6536134,2.7022014,0.71198857
0.64071417,-0.08214884,-0.20148027,1.2087817,0.11933143,-0.41497868,2.0837257,1.0878088,0.79940504,-1.8067442,0.09777166,0.13266158,-1.5858749,-1.8555558,-0.29409704,0.10133821,0.6946175,-0.32553217,1.2819883,2.9130697,-1.1766472,-0.08314991,-1.224252,-0.66973996,-0.73973376,-0.3187412,-0.5629884,0.36874467,1.7217507,0.0022746325,0.0409514,-0.45424503,-0.9028145,-0.49157923,-1.5649052,-0.45296383,-0.92502683,0.18011004,1.0925148,1.127144,0.033447027,0.9250473,0.014111042,-0.27308083,-0.62796414,0.8967581,-0.4353249,-0.5647861,0.704139,2.2527204,1.2995769,1.6870446,2.2228367,0.7458073,-0.7900684
-1.8767942,-0.33385807,-0.04145339,0.02412904,-0.29240468,-0.42949712,-0.13833454,0.13454252,-0.014233708,-0.4212147,-0.39138383,-0.019264877,-0.18975163,-0.17519474,-0.16861905,-0.58821917,-0.48986703,-0.340422,-0.46458483,-0.41413692,-0.26188713,-0.43885392,-0.13902567,-0.26058006,-0.26087052,-0.35203838,-0.4341976,-0.10174298,-0.26167393,-0.3727737,-0.19317532,-0.3034062,-0.05964303,-0.2576145,-0.2356875,-0.40322065,-0.4756807,-0.3699681,-0.22055972,-0.18374586,-0.38712966,-0.36765647,-0.20227697,-0.015886068,-0.30677068,-0.27678668,-0.38533795,-0.16527447,-0.57728463,-0.39245278,-0.21798961,-0.28793573,-0.5490823,-0.445936,-0.34590685
-1.2319865,0.010619745,-0.014552431,0.18586013,0.025172176,0.0041555315,0.09237066,0.6517209,-0.73017305,-0.541079,0.47927248,0.1410574,-0.38660845,-0.20145118,0.20440581,-0.07705903,-0.10526979,-0.23677042,-0.052350104,-0.37867564,0.9629056,0.41829348,0.09752703,0.31764662,0.54900545,-0.58785045,0.19100225,-0.024006844,0.6110745,-0.13468069,0.4749577,-0.80373,0.40549266,0.23991391,-0.1213696,-0.5085875,0.5139885,-0.2876734,0.044461906,-0.5181505,0.38319457,0.2654791,0.4654171,-0.34597337,0.71461666,-0.44209492,0.0726977,0.5473187,-0.37786007,0.050814167,-0.11451965,-0.9105756,-0.14966416,-0.15799609,0.553988
-1.6274931,-0.35731617,-0.15923798,0.08281896,-0.19807819,-0.48169133,0.07880366,0.64245975,-0.14538682,-0.75813174,-0.2819,0.10844599,-0.2993732,-0.26026058,-0.17271675,-0.4720955,-0.632426,-0.29190427,-0.42700052,-0.44875377,0.1743151,-0.4026124,0.17214754,0.038877726,-0.062044084,-0.6021022,-0.5249157,0.17640853,0.05755776,-0.2243362,0.19603598,-0.2736024,0.1629529,-0.0008662343,-0.11681199,-0.58750486,-0.43586743,-0.43604133,-0.049311638,-0.24107024,-0.2752974,-0.20659018,0.35009092,-0.16969395,-0.20202273,-0.20160484,-0.18221068,0.09418777,-0.76761,-0.38697514,-0.15916076,-0.021802783,-0.34003532,-0.46637923,-0.14808345
0.44842958,0.29278287,0.0649938,1.2845043,0.22778907,0.29808587,1.9358722,1.3382864,1.198502,-0.7404021,0.083630875,0.25359535,-1.4844948,-2.1816459,0.0653584,0.43610853,0.6529715,-0.185848,0.60571456,2.7531974,-1.0553534,0.40485954,-1.6929843,-0.22101307,-0.98858786,-0.5580952,-0.24023181,0.7507877,2.026465,-0.5120452,-0.19767213,0.14898264,-0.8657727,-0.9617299,-1.3910608,-0.69958705,-0.9595836,0.24803245,1.0970526,1.8371065,0.8625994,0.6131866,0.095359445,-0.051458634,-0.24383861,0.37353396,-0.33522522,-0.730818,1.3269264,2.5098915,0.9740838,1.8615327,2.284263,1.3771167,-0.7262008
0.9980147,0.13398328,0.08158967,0.6757253,0.052393615,-0.6820797,1.888133,0.18275112,0.3184973,-0.92530584,-0.36883524,-0.35364485,-1.4081091,-0.3912698,-0.49343473,-0.048908502,0.2878002,-0.31255138,1.7952735,1.9103606,-0.83248293,0.11120486,-0.96015704,-1.3780987,-0.78034544,0.7411263,-1.0335743,0.15581879,0.5784539,0.29757518,0.22044203,-0.59841096,-0.6934015,-0.08762467,-0.3498366,0.7031809,-0.539447,-0.30455077,0.9009492,0.37914693,-0.44494903,-0.17637718,0.13705814,0.5746857,0.15805364,1.5579625,0.33984172,-0.32806122,-0.3014565,1.2086535,0.70071864,0.89992255,1.4217303,0.1014255,-1.1581717
0.20794821,-0.18884528,-0.5169823,1.2170051,0.32813704,1.321274,1.7077733,0.9421369,1.768075,0.7450664,0.21741615,-0.09501886,-0.9033978,-2.1769226,0.19700375,0.5349774,0.8691275,0.7991774,-0.17708491,2.1164613,-1.3761449,1.0022724,-1.441446,-0.1790725,-0.6323304,-0.6536547,0.1181947,0.875824,1.5696898,-1.1615782,-0.8336007,0.21259964,-0.27567625,-1.0253992,-0.7025291,-0.44794732,-0.7219571,0.16245237,0.53792924,2.2198431,1.0984517,0.43017638,-0.5595811,0.33282262,0.2235961,-0.22425127,0.3722626,-0.7146262,1.934412,2.701329,0.7007361,1.2924517,2.0844347,2.1824355,-0.56133235
-1.8713859,-0.20069844,0.08995801,0.025128761,-0.29065645,-0.43028972,-0.13461086,0.14700958,-0.008583069,-0.42895478,-0.3880943,-0.014725298,-0.18325278,-0.17077923,-0.16094884,-0.5857372,-0.49207026,-0.3393709,-0.46815324,-0.4136866,-0.25398853,-0.44127256,-0.13227557,-0.25611567,-0.26082072,-0.3654256,-0.43498588,-0.0910635,-0.25187773,-0.3733529,-0.18442523,-0.3055603,-0.056590796,-0.25421357,-0.23310435,-0.4076476,-0.47518337,-0.3738563,-0.21684521,-0.17918122,-0.39459705,-0.3631811,-0.19075191,-0.02128458,-0.3072436,-0.27420157,-0.38104343,-0.15948185,-0.5844662,-0.3908844,-0.21671225,-0.28509712,-0.55435467,-0.4463791,-0.34310913
1.6253839,0.22216897,0.09044914,0.104494706,0.13171983,-0.0035603046,0.43662024,0.19474672,-0.2237649,0.2692691,-0.3771817,-0.045211077,-0.37263966,0.43528074,-0.13974747,-0.011372015,-0.23461217,-0.10134101,0.73933804,0.14257199,0.10568215,-0.13920975,0.13692832,0.39427352,-0.13591175,0.74239755,-0.62696624,0.29950887,-0.024928689,0.66960204,0.2980892,-0.10054755,-0.22043711,0.04423628,0.38217473,0.37774864,0.168347,-0.14364702,0.05499553,0.43606955,0.18882716,-0.33015573,0.4301567,0.38076705,0.72135663,0.43398547,0.570601,-0.07725951,-0.10121847,-0.20282608,0.3270882,0.27744776,0.025456518,-0.09032312,0.6052861
2.038899,0.40268034,0.037959248,0.002249109,0.3647211,0.42011857,0.30040383,0.36927527,0.34456253,0.37979132,0.37142113,0.33432937,0.42015976,0.47924232,0.3655711,0.3888197,0.2801671,0.35022283,0.29860213,0.35037237,0.3604559,0.4097414,0.42737103,0.34028423,0.38864177,0.4084053,0.4481985,0.35406372,0.42439333,0.34266913,0.34061337,0.36847508,0.36320975,0.35496107,0.34298205,0.37118745,0.3413192,0.36159647,0.44145152,0.31756628,0.27684808,0.23665738,0.3710816,0.37560233,0.40435088,0.3575256,0.3506422,0.36577815,0.30876198,0.3690313,0.38442567,0.28772736,0.35026664,0.3950404,0.44167066
3.5466943,1.7053595,-0.17622232,0.0018814699,1.8815818,1.7421912,1.8694851,1.9308965,1.8444843,1.922553,1.8308263,1.8336196,1.8175702,1.8292071,1.8817801,1.8776009,1.930042,1.8876419,1.8850751,1.868537,1.84475,1.916412,1.8959483,1.9041893,1.9045677,1.8227756,1.8441681,1.8256044,1.8432081,1.7763612,1.8508222,1.9278321,1.9098892,1.9186736,1.9182355,1.8731031,1.8889288,1.9140148,1.9261811,1.9265792,1.8991957,1.8522925,1.9431894,1.9123086,1.9157884,1.8912395,1.8437645,1.9210058,1.9289185,1.8858819,1.9155902,1.8720517,1.9305837,1.906074,1.8774503
3.7300968,2.0869668,-0.1178484,0.002589574,2.2048151,2.029333,2.2208955,2.1830215,2.261302,2.204122,2.1551569,2.2258286,2.2162395,2.0231125,2.2186594,2.2180362,2.2323048,2.1980796,2.26421,2.1197252,2.282127,2.212533,2.141624,2.2046528,2.2343156,2.2132742,2.2058449,2.1492984,2.2831023,2.2205033,2.2000961,2.2121215,2.246616,2.2110047,2.1964254,2.2184381,2.2433007,2.2108078,2.283682,2.1543348,2.2162662,2.1912317,2.1966271,2.237547,2.2019658,2.2518036,2.1640792,2.177724,2.2395,2.2080464,2.2048697,2.2631097,2.2043025,2.2101328,2.179421
3.6193817,2.0425117,0.038924932,0.00225552,2.0035868,1.8015447,1.9848516,2.0308204,2.0235596,2.0341485,1.9413481,1.9890614,1.9755757,1.9060582,2.0152922,2.0026634,2.0498369,2.0024548,2.035317,1.9623029,2.0052767,2.033772,1.9954766,2.0072548,2.0352557,1.9569101,1.9625682,1.883835,2.0233505,1.935596,1.9852027,2.0405023,2.047325,2.0360632,2.028489,2.0099661,2.0118866,2.0316434,2.0589764,2.016843,2.0248597,1.9851356,2.0436354,2.0405695,2.021797,2.0341434,1.9634864,2.0124702,2.0520093,2.0082016,2.0509996,2.0246725,2.0336416,2.0265782,1.996119
3.333122,1.4612044,-0.101573706,0.0032159272,1.5627781,1.5677656,1.550494,1.6372995,1.3881683,1.5967517,1.5875665,1.5202284,1.537792,1.667413,1.5499011,1.6288409,1.5780545,1.5637273,1.4384316,1.6137921,1.485114,1.5715847,1.5289595,1.6013684,1.5205696,1.5416648,1.5873343,1.6174203,1.5424302,1.5521336,1.5384601,1.5967805,1.5140045,1.5745578,1.5975907,1.5409533,1.5195041,1.5683975,1.5583972,1.6613581,1.5299685,1.5592484,1.6480231,1.5596638,1.6258721,1.5287263,1.5242383,1.5980381,1.567245,1.5944278,1.6142383,1.3967737,1.6190941,1.5699114,1.5586275
2.730505,0.9522545,0.056570947,0.0054078028,0.8956835,1.0178497,0.9122658,0.89301723,0.9897423,0.89626575,0.94024044,0.9141307,0.9020046,0.7819902,0.7972322,0.8861346,0.8615262,0.62626636,0.89640963,0.9310096,1.063118,0.8357463,0.9126208,0.9358042,0.88047445,0.95768094,0.8584205,0.73521686,0.89655906,0.9423529,1.0519215,0.8850515,0.84062374,0.8753318,0.87318915,0.8405162,0.968213,0.8968271,0.89751154,0.9187105,0.97457266,0.95605683,0.7718115,0.9072994,0.8470682,0.9043378,0.92782485,0.914874,0.86960655,0.8903669,0.90156054,0.949635,0.8466145,0.8808965,0.9296751
2.7273898,0.8008885,-0.09108335,0.0054104407,0.8919718,1.0147033,0.9115565,0.89029634,0.9851265,0.89359003,0.9358514,0.9104457,0.89676476,0.7717284,0.7940615,0.8833199,0.860268,0.61851823,0.89249206,0.9274825,1.0594789,0.83228946,0.9082637,0.9335481,0.8789698,0.95334935,0.8547566,0.7334257,0.89280236,0.93835205,1.0414796,0.8807038,0.83899796,0.87038064,0.8709051,0.8361862,0.965825,0.8940257,0.89354974,0.9149066,0.97136736,0.9531803,0.7702689,0.90323377,0.8438519,0.90179443,0.92469585,0.91137123,0.86529815,0.887087,0.8974811,0.9446128,0.8439839,0.8768993,0.9250667
3.136135,1.3554028,0.01994598,0.0032581678,1.3354568,1.3751146,1.3157017,1.3665031,1.2842355,1.3202344,1.4005951,1.3891025,1.4000499,1.4811968,1.3711948,1.3297133,1.290277,1.2555361,1.2843318,1.3901877,1.3305964,1.2574277,1.2110013,1.341794,1.2946734,1.3154683,1.3599652,1.4238358,1.3830837,1.438626,1.3159552,1.3218813,1.333684,1.3248138,1.3584421,1.3643248,1.271216,1.2523984,1.3263329,1.4167285,1.2613084,1.3304069,1.3736959,1.270653,1.3584685,1.2590033,1.3488423,1.3506407,1.2633524,1.3481107,1.4233891,1.2468679,1.313546,1.3732302,1.3551068
2.5272982,0.6653702,-0.013612449,0.0023209539,0.6789827,0.68833995,0.72017765,0.69559485,0.6886668,0.68277997,0.65380466,0.6739783,0.6040423,0.5897965,0.66670436,0.71262985,0.7627678,0.61356336,0.65284944,0.70097774,0.71750885,0.6326797,0.710824,0.70120746,0.7084944,0.7183094,0.626547,0.65228784,0.6602388,0.6545644,0.54054856,0.6432594,0.73459935,0.63503057,0.7307576,0.62490314,0.7556284,0.71403885,0.6390059,0.67053306,0.7656269,0.7777686,0.6712705,0.6492963,0.6376362,0.7030723,0.7237953,0.7066169,0.7385352,0.68750566,0.65068907,0.64704037,0.7119194,0.63729966,0.6634191
3.456253,1.7129134,-0.024289966,0.002203747,1.7372034,1.6683241,1.7259398,1.8065689,1.6512461,1.7837155,1.7044387,1.6402092,1.6209748,1.733591,1.7156531,1.7453873,1.7809922,1.7477505,1.698139,1.7541524,1.6924577,1.7703902,1.771582,1.775955,1.741959,1.7033184,1.7234344,1.7384238,1.6420345,1.6743233,1.7185483,1.7876434,1.7388847,1.769467,1.7810533,1.706898,1.733259,1.7676568,1.7706532,1.8142602,1.7428417,1.7110963,1.8182083,1.758537,1.7930185,1.7151344,1.6927125,1.7883997,1.7757627,1.7489917,1.744756,1.6821486,1.8033459,1.7561319,1.7297889
2.0409288,0.21020727,-0.15617208,0.0022114343,0.36637935,0.41834426,0.29917705,0.37206078,0.34817362,0.37989384,0.37470004,0.33700466,0.42163706,0.47836915,0.3701655,0.39105362,0.282485,0.35122302,0.30111748,0.3524809,0.36141202,0.4110458,0.42833996,0.3416087,0.39093152,0.4076712,0.45163032,0.3575868,0.424299,0.34486526,0.34394187,0.37114024,0.36456674,0.3577254,0.3429681,0.37256205,0.3424839,0.36276734,0.44532672,0.3193996,0.27887678,0.23938131,0.3734064,0.3751668,0.40666974,0.3602481,0.35078573,0.3675792,0.3112941,0.36856508,0.3848299,0.29066172,0.3531743,0.39776203,0.44040775
3.561915,1.9898158,0.08363962,0.0019656168,1.9061762,1.7546128,1.8936443,1.9518257,1.8770032,1.9459288,1.8539704,1.8661695,1.8506541,1.8453033,1.909735,1.9045925,1.9551258,1.9116817,1.9165361,1.8881711,1.8703808,1.9409901,1.9168776,1.9257723,1.9319328,1.8430514,1.8689619,1.8365381,1.8809297,1.7935345,1.8736593,1.9514241,1.938669,1.9435652,1.9413226,1.9017609,1.914675,1.9386461,1.9522804,1.9454808,1.9255123,1.8781621,1.9642173,1.9383321,1.9364514,1.9211638,1.8688353,1.9401575,1.9546925,1.9114971,1.944766,1.9040111,1.9520013,1.9313071,1.902298
2.2768261,0.450375,-0.08206496,0.0022762453,0.53243995,0.45886755,0.5752642,0.4990712,0.5490136,0.54571694,0.5483731,0.5751083,0.57266486,0.4685364,0.5448436,0.50438213,0.6001157,0.6046205,0.5639794,0.4776302,0.47225875,0.5595076,0.48170877,0.49266636,0.5555881,0.4362855,0.5712387,0.5640447,0.51480395,0.52868164,0.6380461,0.5779251,0.5221627,0.6174191,0.5044015,0.5342635,0.4784951,0.54579294,0.54029477,0.5303768,0.5080842,0.54035866,0.5560347,0.5061157,0.51444364,0.5442095,0.47231102,0.47000873,0.55054617,0.5822336,0.4884521,0.62733644,0.54129016,0.5382197,0.428205
3.7962282,2.4129612,0.081783056,0.0028522792,2.3311782,2.2752838,2.3648734,2.2739286,2.4013433,2.3056424,2.313472,2.3672462,2.361292,2.125813,2.340127,2.3466804,2.3405044,2.3353217,2.401148,2.220356,2.4168868,2.3193038,2.2708058,2.3250802,2.3532176,2.3664045,2.3589575,2.3128495,2.4265804,2.379333,2.3395274,2.3146257,2.358923,2.3155074,2.296732,2.3449826,2.385387,2.317826,2.4179018,2.2364542,2.3305926,2.3164427,2.2880147,2.3552027,2.3095784,2.3818212,2.3314273,2.2801018,2.351489,2.3330855,2.2957392,2.40716,2.3062396,2.3197684,2.3219295
2.1969318,0.34602767,-0.12987301,0.0026747286,0.47590068,0.38567305,0.45489216,0.44328266,0.5060258,0.46562123,0.57090217,0.52824235,0.51771784,0.461731,0.5228702,0.4765131,0.46067542,0.44054416,0.4945065,0.4423843,0.43471766,0.511322,0.44287634,0.44206166,0.511238,0.35653543,0.5802641,0.52948755,0.4694748,0.49483502,0.57469195,0.53360045,0.4687857,0.54234767,0.34196383,0.47495395,0.43212473,0.51488125,0.51727796,0.45982373,0.4318378,0.4487661,0.5123054,0.44440648,0.49723077,0.5035205,0.3920946,0.44025362,0.47350997,0.49465775,0.44816864,0.5449583,0.49370998,0.45763585,0.40713215
2.055931,0.43405262,0.0554215,0.002070218,0.37863111,0.40523005,0.29011035,0.39264858,0.3748479,0.37920797,0.39894417,0.3567927,0.4325511,0.47516048,0.4041246,0.40758032,0.29962188,0.35863063,0.31971687,0.36808503,0.3684618,0.42069077,0.43016768,0.35139316,0.4078471,0.40223873,0.47700557,0.38361153,0.42360955,0.3611037,0.36854354,0.39085925,0.37458968,0.37814993,0.34291494,0.38138306,0.35110357,0.37142253,0.47399715,0.3329245,0.2938758,0.25951707,0.39058983,0.3763983,0.42381418,0.38034177,0.35184968,0.38089794,0.33001742,0.36498773,0.3878066,0.3125251,0.37467015,0.41789415,0.4310999
3.919736,2.6585126,0.09025121,0.005223312,2.5682614,2.732288,2.6337657,2.4492137,2.6628761,2.4952526,2.595805,2.6313705,2.6620643,2.559504,2.5669885,2.5869386,2.527782,2.5916224,2.6568775,2.5440917,2.6329498,2.527268,2.5944614,2.5014765,2.5752838,2.6526678,2.635966,2.6183038,2.6868503,2.6638198,2.610649,2.5060723,2.5525918,2.5106535,2.4840705,2.5822895,2.5550158,2.542889,2.5136626,2.3836849,2.5441155,2.5568001,2.4586844,2.550725,2.5105612,2.624631,2.6439662,2.465044,2.5207748,2.5666113,2.4654555,2.6761982,2.4898386,2.5245292,2.5880752
3.8176515,2.5071943,0.13469124,0.0028592087,2.372503,2.354961,2.4115164,2.3033805,2.446704,2.3385344,2.3671367,2.413063,2.4134622,2.193053,2.3794785,2.3883557,2.3729908,2.3797758,2.445501,2.257844,2.460549,2.3538995,2.3269465,2.3556757,2.3917363,2.4160182,2.408558,2.3658354,2.4730594,2.417641,2.3865523,2.3478374,2.3926888,2.3493505,2.3292308,2.3861454,2.4314148,2.3524938,2.4442942,2.262469,2.367632,2.3581355,2.317622,2.3933167,2.3444426,2.4239335,2.38564,2.3132656,2.3877692,2.3735945,2.3251815,2.4538302,2.3392622,2.355288,2.3680935
2.305949,0.44276938,-0.110124856,0.0025718454,0.55289423,0.48554587,0.611171,0.51940715,0.56047726,0.58981144,0.54016244,0.57798433,0.5941712,0.4802035,0.55507463,0.51280916,0.6375235,0.6776197,0.57622254,0.49047753,0.48594335,0.5696249,0.5054066,0.5111127,0.5706009,0.4690776,0.56762826,0.57315636,0.53068316,0.5410205,0.6580979,0.60202444,0.54161793,0.6175856,0.5636107,0.53340435,0.49524584,0.5568558,0.548685,0.55609524,0.5380285,0.5726422,0.57197607,0.5275147,0.5159595,0.55646133,0.50155205,0.4911006,0.5786302,0.6108748,0.5029313,0.6573648,0.5974239,0.5675949,0.44852042
3.293972,1.3702773,-0.14315224,0.003520497,1.5134295,1.5357908,1.5038323,1.5834812,1.3439336,1.5417919,1.5504092,1.5102544,1.552929,1.6464508,1.5138266,1.5917854,1.5135328,1.5045978,1.3924078,1.5691649,1.4191893,1.5084178,1.4498729,1.5458577,1.4501822,1.490274,1.5210451,1.5789444,1.5107605,1.5460324,1.4812007,1.536093,1.4440824,1.516221,1.5407412,1.504509,1.4558223,1.5050459,1.4909083,1.6127381,1.4622891,1.5134847,1.5937397,1.5018872,1.5727268,1.4751217,1.4893794,1.5375111,1.5009438,1.5452821,1.5802147,1.3554751,1.5583668,1.5088148,1.5141122
2.8077877,1.0728755,0.08216369,0.0031720917,0.9907118,1.0960116,0.93051434,0.96054655,1.0968957,0.97295517,1.0381116,1.0054617,1.0239484,1.008901,0.94402224,0.9559715,0.89277685,0.8789202,0.99354255,1.0184956,1.0724074,0.9771905,1.0206923,1.0028658,0.9355881,1.0632274,0.97923887,0.8915627,0.99117064,1.0416484,1.1155357,0.97558784,0.909064,0.98972106,0.9476021,1.0495927,1.0252954,0.96634555,0.995826,1.0130776,1.0540373,1.0273769,0.8661423,1.0082016,0.92702985,0.9673484,1.005419,1.0017728,0.9524823,0.96817243,1.0029067,1.051724,0.911869,0.98832244,1.0224706
3.4517343,1.7778412,0.047561526,0.0022341043,1.7302797,1.6646333,1.7187657,1.8003547,1.6415958,1.77677,1.7001476,1.6305461,1.6111487,1.7309203,1.7073556,1.7411139,1.7735386,1.7409977,1.688794,1.7490029,1.6848471,1.7630957,1.7653661,1.769548,1.7338326,1.6973867,1.7174176,1.7339833,1.6383787,1.6692252,1.7119372,1.7806375,1.7303398,1.7619628,1.7742013,1.6996055,1.7250376,1.7603455,1.7628601,1.8086581,1.735029,1.7040393,1.8119632,1.7508572,1.7868845,1.7050111,1.6851637,1.7814144,1.7681075,1.7433196,1.7365745,1.6726613,1.7969902,1.7486413,1.7229774
2.6572452,0.912558,0.1030947,0.0054358896,0.8094633,0.9204899,0.8685937,0.82900816,0.88120127,0.8333396,0.83697444,0.8275485,0.77174795,0.7025979,0.7436792,0.8199351,0.83139586,0.44396555,0.80298215,0.8480803,0.94437706,0.75447965,0.81870794,0.8583196,0.81236213,0.86462426,0.7723328,0.7049809,0.8081823,0.84806716,0.790123,0.7495854,0.80240333,0.75899225,0.8193201,0.73870003,0.91195434,0.8309282,0.80431616,0.82925415,0.8992424,0.88844466,0.7355665,0.81165123,0.77139425,0.84459794,0.85426956,0.8331389,0.8036961,0.8132061,0.80549526,0.83160806,0.78475296,0.7877023,0.82485414
2.4449153,0.58770823,-0.040608108,0.0026455899,0.62831634,0.6128688,0.6722231,0.61644006,0.6151781,0.66703254,0.541086,0.62575936,0.63400894,0.5293365,0.6551124,0.6383748,0.71990705,0.80307436,0.62478524,0.6118403,0.5736794,0.60685706,0.62695336,0.6209749,0.65274453,0.62554884,0.56336695,0.61663496,0.60644126,0.59196454,0.6033984,0.6209327,0.69161785,0.57623625,0.72565264,0.54886824,0.65277106,0.6399337,0.5887218,0.5698465,0.6809201,0.70955336,0.63673246,0.6200813,0.5756297,0.6149163,0.64108044,0.6264055,0.68788815,0.67461073,0.5667823,0.63994527,0.67536116,0.6346677,0.5610733
2.5532222,0.379872,-0.32012936,0.0032074968,0.70000136,0.7217549,0.7537012,0.7224951,0.7270775,0.7136241,0.6903469,0.70461154,0.595806,0.61229885,0.670357,0.7336763,0.77645713,0.5539318,0.6616764,0.7303244,0.7627716,0.6547189,0.7347243,0.7325512,0.7267323,0.747499,0.64792633,0.6627995,0.68803585,0.6808275,0.5207703,0.6670513,0.74812645,0.6450191,0.742891,0.63611597,0.7879965,0.73735845,0.6719847,0.7022153,0.792284,0.79923284,0.6840966,0.67583764,0.66394114,0.7394443,0.7498239,0.7318579,0.75153494,0.71648604,0.6802592,0.6680577,0.72342086,0.6619114,0.6956245
2.1519232,0.5006277,0.056640625,0.0030481783,0.44398707,0.34443307,0.3842411,0.44077265,0.47585487,0.42898506,0.5540647,0.48341346,0.49293962,0.46345505,0.51276445,0.4431879,0.40926477,0.33354166,0.43871284,0.42253074,0.41356692,0.48239183,0.4388199,0.41355324,0.491919,0.36749077,0.5846846,0.50350344,0.4426165,0.46499467,0.52453816,0.5100478,0.4387185,0.4931908,0.30430022,0.44372913,0.40626603,0.4773184,0.5043135,0.41947162,0.38983345,0.38835335,0.48767257,0.39886567,0.48321593,0.46995282,0.35864532,0.423491,0.4301081,0.4423324,0.4283132,0.46651065,0.4671224,0.4194411,0.39189768
2.7208986,0.5601791,-0.32420897,0.005384082,0.8843881,1.0081319,0.9100876,0.88462543,0.97551155,0.8880114,0.9266982,0.90277815,0.8858504,0.7578491,0.78940177,0.8774549,0.85763943,0.60236275,0.8843329,0.9201377,1.0518997,0.82509136,0.89918447,0.92884856,0.8728248,0.9443302,0.8471312,0.7307922,0.88496935,0.9300137,1.0197238,0.8716333,0.83561146,0.8600773,0.8661311,0.82716334,0.9608384,0.88818765,0.8852918,0.9069828,0.9646907,0.94718766,0.7670562,0.8947576,0.83714473,0.8965035,0.9181796,0.90407187,0.8563182,0.88025016,0.88896644,0.9341577,0.8385018,0.86857533,0.91544926
2.4703944,0.75844234,0.116764605,0.0020881149,0.64167774,0.63620996,0.67726016,0.63655615,0.62520933,0.6698995,0.57359385,0.63586736,0.63505244,0.5403993,0.6586991,0.66157466,0.7327647,0.74446124,0.63346446,0.63656235,0.6181583,0.61368823,0.6538706,0.6427248,0.6684858,0.6542387,0.5829029,0.62763256,0.6203291,0.59850276,0.5839601,0.62344503,0.7049124,0.5811554,0.72723174,0.5723837,0.6845845,0.6628519,0.59606117,0.600991,0.7071178,0.73065186,0.64434826,0.6291156,0.5961422,0.6301007,0.6666624,0.6512128,0.7039353,0.66879886,0.5857707,0.64142144,0.68666804,0.6335337,0.5927266
3.246068,1.5848689,0.1303916,0.0037553592,1.4544773,1.491459,1.4467325,1.5176291,1.3258085,1.4745486,1.5049382,1.4980454,1.534295,1.599886,1.469685,1.5244386,1.4447222,1.431436,1.359606,1.5146364,1.371063,1.432239,1.3628111,1.4779336,1.3890688,1.4273753,1.4399247,1.5318744,1.4720119,1.5419595,1.4116224,1.461839,1.3762885,1.444843,1.47261,1.4599187,1.3778986,1.4275235,1.4083294,1.5532501,1.3794715,1.4574885,1.5273181,1.4317058,1.5077014,1.40953,1.4467245,1.4634507,1.4091004,1.4851513,1.5385789,1.3098161,1.4840655,1.4340506,1.461468
3.5721464,1.9919353,0.0689069,0.002000476,1.9230283,1.7629703,1.9098849,1.9658872,1.8988657,1.961631,1.869527,1.8880486,1.8728963,1.8561163,1.9285254,1.9224019,1.9719852,1.9278433,1.9376845,1.9013677,1.88761,1.9575077,1.930949,1.9402804,1.9503299,1.8566818,1.885626,1.8438823,1.906287,1.8145308,1.8935196,1.9672859,1.9580139,1.960295,1.9568434,1.9210304,1.9319874,1.9552033,1.9698212,1.958188,1.9431968,1.8972075,1.9783589,1.9565326,1.9503403,1.9412835,1.8856847,1.9530343,1.9720194,1.9287144,1.9643779,1.9254928,1.966388,1.9482713,1.9190054
3.5994225,1.9102831,-0.05896616,0.0020892976,1.9692492,1.7852399,1.953176,2.0033836,1.9701538,2.0035076,1.9110006,1.9463778,1.932188,1.8849571,1.9786274,1.9663329,2.0169415,1.9709244,1.9940617,1.9365546,1.9539528,2.0015497,1.9684575,1.9789538,1.999368,1.9106958,1.9300543,1.8634663,1.973882,1.8842332,1.9464617,2.009567,2.0095842,2.0045235,1.9982154,1.9723871,1.9781256,1.9993424,2.0184703,1.9920595,1.9903584,1.9479835,2.0160463,2.0050588,1.9893205,1.994906,1.9306116,1.9873548,2.0182097,1.9746134,2.016658,1.9827646,2.004765,1.9934908,1.9635344
2.224631,0.6628783,0.16763681,0.0023267176,0.49524146,0.4110465,0.49837255,0.46262673,0.52459097,0.48816258,0.56309044,0.5415323,0.5329669,0.46066952,0.52908826,0.48928124,0.5037228,0.48218316,0.528846,0.4546047,0.4477322,0.5291264,0.44537377,0.45960677,0.5231285,0.3775189,0.5775446,0.545123,0.4860038,0.5065693,0.5967764,0.54638064,0.48729163,0.5757687,0.39827946,0.4993524,0.44804263,0.525965,0.5252552,0.48428476,0.4544152,0.4824978,0.52746654,0.46776405,0.5070164,0.52225447,0.41990507,0.45057094,0.50021756,0.5268599,0.4620221,0.57351863,0.5100747,0.48557517,0.4160061
2.6831489,0.8776453,0.037634015,0.0052420674,0.8400113,0.9667833,0.8912022,0.8516417,0.91958046,0.8555937,0.8734875,0.85816336,0.8187014,0.7250812,0.76228744,0.8433419,0.842378,0.50842595,0.83688974,0.8774023,0.99094576,0.78321385,0.84639716,0.8896388,0.83696747,0.89379025,0.8027694,0.71548456,0.83943146,0.8815103,0.887366,0.7945845,0.8159164,0.80013174,0.8383717,0.7747005,0.9318472,0.854229,0.83726907,0.8608873,0.9258766,0.9123483,0.74837863,0.8454708,0.7981503,0.86572516,0.880277,0.8616239,0.81668633,0.8404905,0.8394598,0.8733415,0.8066256,0.820155,0.85954297
2.1336064,0.4718581,0.039185137,0.0027934434,0.43267298,0.337317,0.35548806,0.44188157,0.46357918,0.41407967,0.52446526,0.45925093,0.4828546,0.46536955,0.50864935,0.42981115,0.388346,0.35245916,0.41600657,0.41444996,0.4049605,0.470618,0.4371674,0.4019509,0.4840576,0.37412167,0.58648777,0.49198258,0.4316862,0.44517094,0.49592054,0.49293864,0.42648146,0.4745268,0.30659574,0.43102145,0.39573717,0.45395207,0.49903512,0.40295732,0.37152183,0.3637712,0.4776466,0.39457712,0.47751164,0.45629025,0.3573509,0.41666996,0.4124478,0.4210415,0.4202327,0.43192822,0.45630175,0.42928523,0.38569593
2.8958483,1.2948828,0.20209825,0.002612592,1.0927845,1.1966943,1.0313759,1.0596277,1.1922808,1.0289416,1.1240807,1.1147709,1.0781978,1.165187,1.1170337,1.0352395,0.97363096,1.1227047,1.0911627,1.118181,1.1597557,1.1167283,1.1285236,1.0937637,1.0302193,1.1300759,1.1270602,1.0697074,1.1174426,1.1164734,1.1697909,1.0684636,1.0473661,1.0845306,1.0684385,1.1574998,1.0912489,1.0391538,1.1056556,1.1206055,1.13533,1.1086481,0.99212956,1.0582776,1.0407796,1.0391538,1.0990033,1.1007913,1.0346915,1.0548233,1.1183808,1.1092733,0.986231,1.1474892,1.1226162
2.1543949,0.26320496,-0.18238658,0.0030748206,0.44559154,0.3466978,0.3881215,0.43997285,0.4775157,0.4309975,0.5580582,0.4866724,0.4943001,0.4633624,0.5133178,0.44501966,0.41208753,0.3347718,0.44177753,0.4236207,0.4147276,0.48398232,0.43904352,0.4151188,0.49297905,0.36659825,0.58444333,0.50506055,0.44409195,0.46766955,0.5280224,0.51199234,0.44036874,0.49570966,0.30399466,0.4454441,0.4076804,0.48047054,0.505025,0.42169654,0.39230144,0.39167356,0.48902273,0.39944327,0.4839859,0.47179556,0.35882032,0.42441374,0.43249306,0.44520867,0.42940158,0.47117797,0.4685823,0.41810992,0.3927338
3.5248137,1.8676853,0.021295309,0.0018440059,1.84639,1.7243208,1.8347585,1.9008172,1.7977304,1.8889639,1.7975577,1.786828,1.7700083,1.8060777,1.8415879,1.8387933,1.8939807,1.8530827,1.83985,1.840309,1.8079073,1.8810856,1.8658608,1.8731662,1.8652246,1.7936215,1.8146765,1.8058019,1.7889799,1.7516782,1.8188188,1.8939133,1.8685175,1.8828877,1.8850474,1.8319056,1.8519149,1.8786063,1.8886664,1.8994055,1.8613696,1.8181291,1.9129554,1.8751067,1.8860879,1.8510008,1.8072388,1.8934714,1.8918636,1.8490608,1.873437,1.8261062,1.8997991,1.869799,1.8417244
3.562975,1.6247023,-0.28321326,0.00196974,1.9079156,1.7554843,1.8953307,1.9532783,1.8792725,1.9475546,1.8555795,1.8684354,1.8529611,1.8464198,1.9116855,1.9064705,1.9568701,1.913358,1.9187301,1.8895386,1.8721659,1.9427006,1.9183367,1.9272771,1.9338378,1.8444655,1.8706844,1.8372986,1.8835583,1.7953517,1.8757184,1.9530697,1.9406717,1.9452982,1.9429326,1.9037584,1.9164674,1.9403615,1.9540923,1.9467943,1.9273415,1.8801346,1.96569,1.9402148,1.9378896,1.9232508,1.8705812,1.9414914,1.9564888,1.9132781,1.9467974,1.9062387,1.9534872,1.933064,1.9040266
2.384469,0.5002348,-0.10065961,0.0036368468,0.6008944,0.5574856,0.6527543,0.57423365,0.59138346,0.6556835,0.5180181,0.60178757,0.6261567,0.511659,0.6042614,0.5833357,0.6894125,0.8660075,0.6041961,0.55684525,0.52284074,0.5906606,0.5692954,0.5693733,0.6153977,0.5574863,0.55933416,0.59772253,0.5734881,0.57325697,0.6548352,0.61713684,0.62874424,0.60614944,0.71564853,0.5376545,0.57729906,0.58668387,0.5713084,0.5840261,0.6187651,0.6595018,0.61498916,0.5891024,0.5269631,0.5894904,0.5803877,0.56755114,0.6498166,0.66040844,0.5390102,0.6579663,0.6485406,0.6373662,0.50329685
3.9401655,2.551349,-0.05594921,0.006426996,2.6072981,2.8072248,2.6782403,2.4824252,2.7096758,2.52662,2.64181,2.6750588,2.7118137,2.6364822,2.6045032,2.6266792,2.5587614,2.6340163,2.6991818,2.611867,2.6571379,2.5751507,2.647996,2.5306542,2.6120114,2.700461,2.6673892,2.6688333,2.7290452,2.7169085,2.6554966,2.53774,2.5845892,2.5429368,2.5150592,2.6215417,2.565804,2.5867524,2.527545,2.407943,2.5794353,2.5965574,2.4869177,2.5758913,2.5438066,2.6648011,2.695666,2.493624,2.5445325,2.6052394,2.493529,2.7207005,2.5183642,2.5583997,2.6320987
