global_iteration,local_iteration,total_iteration,vfe,ll,kl,error
0,0,1,-107.64109802246094,-104.04388427734375,71.94412231445312,1.380988597869873
0,49,50,-20.262420654296875,-16.675081253051758,71.74681854248047,0.45344677567481995
0,99,100,-44.22419357299805,-40.596412658691406,72.55560302734375,0.8574540019035339
0,149,150,-37.22188186645508,-33.57677459716797,72.90208435058594,0.44981008768081665
0,199,200,-13.967891693115234,-10.280237197875977,73.75308227539062,0.4202086925506592
0,249,250,-24.729167938232422,-21.002161026000977,74.54014587402344,0.6282058954238892
0,299,300,-12.969310760498047,-9.209009170532227,75.20603942871094,0.41377630829811096
0,349,350,-11.73737907409668,-7.958517551422119,75.57723999023438,0.3937571048736572
0,399,400,-13.210450172424316,-9.453237533569336,75.1442642211914,0.4260447323322296
0,449,450,-14.770195007324219,-11.032328605651855,74.75732421875,0.417925626039505
0,499,500,-13.115679740905762,-9.378276824951172,74.74806213378906,0.4583429992198944
0,549,550,-11.80880069732666,-8.091672897338867,74.34255981445312,0.410597026348114
0,599,600,-11.537008285522461,-7.866718292236328,73.4057846069336,0.40375104546546936
0,649,650,-10.120346069335938,-6.464920997619629,73.10850524902344,0.38222673535346985
0,699,700,-10.883308410644531,-7.242271423339844,72.82075500488281,0.39399176836013794
0,749,750,-11.780900001525879,-8.103918075561523,73.53963470458984,0.41332778334617615
0,799,800,-10.24726676940918,-6.634127616882324,72.26277160644531,0.39120838046073914
0,849,850,-9.541982650756836,-5.902102470397949,72.797607421875,0.3716541528701782
0,899,900,-9.644874572753906,-5.924213409423828,74.4132308959961,0.3634631335735321
0,949,950,-8.669515609741211,-4.936466217041016,74.6609878540039,0.3481256365776062
0,999,1000,-9.483668327331543,-5.602384567260742,77.62567138671875,0.345649778842926
0,1049,1050,-6.395927429199219,-2.5457613468170166,77.0033187866211,0.27727463841438293
0,1099,1100,-6.225604057312012,-2.2517447471618652,79.47718811035156,0.26266682147979736
0,1149,1150,-9.323877334594727,-5.291378974914551,80.64995574951172,0.35492831468582153
0,1199,1200,-6.986398220062256,-2.910463333129883,81.51869201660156,0.2871039807796478
0,1249,1250,-8.479085922241211,-4.209006309509277,85.401611328125,0.2942446768283844
0,1299,1300,-7.211849212646484,-2.8914785385131836,86.40740966796875,0.28817087411880493
0,1349,1350,-8.898259162902832,-4.442681312561035,89.11155700683594,0.3316231667995453
0,1399,1400,-8.727616310119629,-4.203004837036133,90.49224853515625,0.3161923289299011
0,1449,1450,-7.550807952880859,-2.9679737091064453,91.65667724609375,0.25162577629089355
0,1499,1500,-7.9067864418029785,-3.256427764892578,93.00717163085938,0.2899101972579956
0,1549,1550,-6.702113151550293,-1.9263287782669067,95.51568603515625,0.2492925077676773
0,1599,1600,-6.946320533752441,-2.138350009918213,96.15940856933594,0.2587026059627533
0,1649,1650,-9.731818199157715,-4.951420783996582,95.60794067382812,0.3498278856277466
0,1699,1700,-5.64863395690918,-0.7784786224365234,97.40310668945312,0.17923445999622345
0,1749,1750,-5.485156059265137,-0.6205567121505737,97.29197692871094,0.16209590435028076
0,1799,1800,-7.563573360443115,-2.7955198287963867,95.36107635498047,0.16009195148944855
0,1849,1850,-4.786733627319336,-0.189495250582695,91.94476318359375,0.17138433456420898
0,1899,1900,-5.09785795211792,-0.46127232909202576,92.73170471191406,0.16742335259914398
0,1949,1950,-5.290762901306152,-0.5981349349021912,93.85256958007812,0.18332450091838837
0,1999,2000,-5.958454132080078,-1.625614881515503,86.65678405761719,0.23655197024345398
0,2049,2050,-6.111522197723389,-1.607670783996582,90.07703399658203,0.13511455059051514
0,2099,2100,-4.836788177490234,-0.7326837778091431,82.08209228515625,0.1939098984003067
0,2149,2150,-4.098455905914307,0.30350780487060547,88.03927612304688,0.13489189743995667
0,2199,2200,-4.136109352111816,0.18438944220542908,86.40997314453125,0.14626377820968628
0,2249,2250,-4.142743110656738,-0.13441742956638336,80.16651916503906,0.16418999433517456
0,2299,2300,-4.066908836364746,0.03326381742954254,82.00346374511719,0.1449725180864334
0,2349,2350,-5.393049240112305,-1.4621524810791016,78.61792755126953,0.22441469132900238
0,2399,2400,-3.706577777862549,0.28965499997138977,79.9246597290039,0.14485502243041992
0,2449,2450,-4.200473785400391,-0.15350356698036194,80.93940734863281,0.13803882896900177
0,2499,2500,-4.547956466674805,-0.6253925561904907,78.45127868652344,0.14610065519809723
0,2549,2550,-4.127301216125488,-0.40319201350212097,74.48219299316406,0.14699098467826843
0,2599,2600,-4.2050065994262695,-0.5172338485717773,73.75545501708984,0.1846366822719574
0,2649,2650,-3.3224453926086426,0.3184201121330261,72.81730651855469,0.14471887052059174
0,2699,2700,-3.4985971450805664,0.12680810689926147,72.50811004638672,0.15360580384731293
0,2749,2750,-3.74094557762146,-0.32579663395881653,68.302978515625,0.1614013910293579
0,2799,2800,-3.5920138359069824,-0.06828573346138,70.47456359863281,0.1451539397239685
0,2849,2850,-4.66994571685791,-1.2467185258865356,68.46455383300781,0.20740661025047302
0,2899,2900,-4.086483478546143,-0.7661035656929016,66.40760040283203,0.19601039588451385
0,2949,2950,-3.3808703422546387,-0.05803106352686882,66.456787109375,0.16273266077041626
0,2999,3000,-3.085319995880127,0.22975784540176392,66.30155944824219,0.14912377297878265
0,3049,3050,-2.8327603340148926,0.40073129534721375,64.66983032226562,0.1383519470691681
0,3099,3100,-3.0386786460876465,-0.0003538057208061218,60.76649856567383,0.16473150253295898
0,3149,3150,-3.450268268585205,-0.39734628796577454,61.058433532714844,0.18649928271770477
0,3199,3200,-2.855893135070801,0.22031404078006744,61.524139404296875,0.1465088278055191
0,3249,3250,-3.240145683288574,-0.030326679348945618,64.19638061523438,0.16217008233070374
0,3299,3300,-3.4103524684906006,-0.23150411248207092,63.576969146728516,0.1454736590385437
0,3349,3350,-3.159208059310913,-0.3865855634212494,55.45245361328125,0.1780206710100174
0,3399,3400,-2.6481857299804688,0.3526984453201294,60.01768112182617,0.13751213252544403
0,3449,3450,-3.167947769165039,-0.15328113734722137,60.29332733154297,0.14100436866283417
0,3499,3500,-3.509565591812134,-0.7594344615936279,55.00261688232422,0.1810268759727478
0,3549,3550,-2.988162040710449,-0.2634503245353699,54.49423599243164,0.17436327040195465
0,3599,3600,-2.6104354858398438,0.13647393882274628,54.93818664550781,0.14301545917987823
0,3649,3650,-2.7402117252349854,0.14227457344532013,57.64972686767578,0.14383038878440857
0,3699,3700,-2.597681999206543,0.30637961626052856,58.08123779296875,0.1403121054172516
0,3749,3750,-2.795416831970215,-0.06189274042844772,54.67047882080078,0.16275346279144287
0,3799,3800,-2.4016261100769043,0.17730000615119934,51.57851791381836,0.14064286649227142
0,3849,3850,-2.86826753616333,-0.17564992606639862,53.85234832763672,0.1566237360239029
0,3899,3900,-2.629410743713379,-0.07737675309181213,51.04068374633789,0.16269756853580475
0,3949,3950,-2.512235641479492,0.14774003624916077,53.19951248168945,0.14688806235790253
0,3999,4000,-2.1735451221466064,0.34816986322402954,50.43429946899414,0.13946226239204407
0,4049,4050,-2.5024356842041016,-0.011760853230953217,49.813499450683594,0.15806801617145538
0,4099,4100,-2.1469616889953613,0.2992120683193207,48.92347717285156,0.1367122381925583
0,4149,4150,-2.6266908645629883,-0.10579310357570648,50.41795349121094,0.1403488963842392
0,4199,4200,-2.2123219966888428,0.12140322476625443,46.674503326416016,0.15651331841945648
0,4249,4250,-2.3843636512756348,0.03903769701719284,48.4680290222168,0.15776105225086212
0,4299,4300,-2.859327554702759,-0.5108990669250488,46.968570709228516,0.16481822729110718
0,4349,4350,-1.9714312553405762,0.3565472960472107,46.5595703125,0.13694290816783905
0,4399,4400,-2.116194725036621,0.10144290328025818,44.35275650024414,0.15802164375782013
0,4449,4450,-2.2860569953918457,0.06258704513311386,46.972877502441406,0.16232247650623322
0,4499,4500,-2.2475085258483887,0.012947209179401398,45.20911407470703,0.15885698795318604
0,4549,4550,-2.968769073486328,-0.5915679335594177,47.54402160644531,0.163308784365654
0,4599,4600,-2.3824281692504883,-0.17378029227256775,44.17295455932617,0.1503773033618927
0,4649,4650,-1.8709664344787598,0.34592288732528687,44.33778762817383,0.14179420471191406
0,4699,4700,-2.015883445739746,0.20087715983390808,44.335208892822266,0.14073117077350616
0,4749,4750,-2.079814910888672,0.10916689038276672,43.77963638305664,0.15098409354686737
0,4799,4800,-2.8972249031066895,-0.6952706575393677,44.039085388183594,0.18350034952163696
0,4849,4850,-2.3176698684692383,-0.07615602016448975,44.83027648925781,0.15786273777484894
0,4899,4900,-2.3771586418151855,-0.19884254038333893,43.566322326660156,0.167954683303833
0,4949,4950,-2.0909671783447266,0.05316753685474396,42.882694244384766,0.15695764124393463
0,4999,5000,-2.142090320587158,0.011473551392555237,43.07128143310547,0.16007699072360992
0,5049,5050,-1.6718552112579346,0.4058472514152527,41.55405044555664,0.13513830304145813
0,5099,5100,-2.6571145057678223,-0.5936373472213745,41.2695426940918,0.184554785490036
0,5149,5150,-1.750612735748291,0.31007206439971924,41.21369552612305,0.12986455857753754
0,5199,5200,-2.160550355911255,-0.0963384211063385,41.284236907958984,0.16842979192733765
0,5249,5250,-1.8958258628845215,0.12888264656066895,40.494171142578125,0.1561238318681717
0,5299,5300,-2.0224061012268066,-0.034289296716451645,39.762332916259766,0.16093392670154572
0,5349,5350,-1.990635633468628,0.039418987929821014,40.60109329223633,0.15544834733009338
0,5399,5400,-1.658019781112671,0.29880568385124207,39.13650894165039,0.13187003135681152
0,5449,5450,-1.5247145891189575,0.3964829444885254,38.4239501953125,0.13642916083335876
0,5499,5500,-1.4609661102294922,0.5039856433868408,39.299034118652344,0.13048458099365234
0,5549,5550,-1.564495325088501,0.36734169721603394,38.636741638183594,0.13997890055179596
0,5599,5600,-1.7422254085540771,0.2473302185535431,39.79111099243164,0.14942960441112518
0,5649,5650,-1.730715036392212,0.14970748126506805,37.60845184326172,0.15240976214408875
0,5699,5700,-1.622615098953247,0.15260927379131317,35.504486083984375,0.15175127983093262
0,5749,5750,-1.9695227146148682,-0.1453331559896469,36.48379135131836,0.1698770970106125
0,5799,5800,-1.8009307384490967,0.08964136987924576,37.811439514160156,0.14836739003658295
0,5849,5850,-1.4869388341903687,0.4345724284648895,38.43022537231445,0.13164833188056946
0,5899,5900,-1.968876838684082,-0.0967010110616684,37.44351577758789,0.1677512228488922
0,5949,5950,-1.924598217010498,-0.02465882897377014,37.99878692626953,0.1542026549577713
0,5999,6000,-1.7188688516616821,0.21584373712539673,38.694252014160156,0.14953859150409698
0,6049,6050,-2.041778802871704,-0.088164322078228,39.072288513183594,0.16792678833007812
0,6099,6100,-1.6313936710357666,0.316762238740921,38.96311950683594,0.13863959908485413
0,6149,6150,-1.5569767951965332,0.21621966361999512,35.46392822265625,0.14192990958690643
0,6199,6200,-1.5771088600158691,0.21814820170402527,35.9051399230957,0.15015847980976105
0,6249,6250,-2.2568840980529785,-0.4030858874320984,37.075965881347656,0.18321821093559265
0,6299,6300,-1.7230288982391357,0.06058283895254135,35.67223358154297,0.15640373528003693
0,6349,6350,-1.7738807201385498,0.055740177631378174,36.59241485595703,0.15882648527622223
0,6399,6400,-1.844923734664917,-0.030252039432525635,36.293434143066406,0.1669016033411026
0,6449,6450,-1.677176833152771,0.04084091633558273,34.360355377197266,0.15995647013187408
0,6499,6500,-2.0361735820770264,-0.206669420003891,36.59008026123047,0.17352089285850525
0,6549,6550,-1.4070117473602295,0.3975318372249603,36.09087371826172,0.1397012621164322
0,6599,6600,-1.6685806512832642,0.09628139436244965,35.2972412109375,0.1566510796546936
0,6649,6650,-1.6402347087860107,0.13046447932720184,35.41398239135742,0.14990703761577606
0,6699,6700,-1.6706719398498535,0.10240679234266281,35.461578369140625,0.15157316625118256
0,6749,6750,-1.394338846206665,0.26118040084838867,33.110382080078125,0.1455356776714325
0,6799,6800,-1.555448055267334,0.08939215540885925,32.89680480957031,0.13753071427345276
0,6849,6850,-1.4773635864257812,0.22059506177902222,33.959171295166016,0.14302000403404236
0,6899,6900,-1.6855852603912354,0.019588734954595566,34.103477478027344,0.1636466383934021
0,6949,6950,-1.5694470405578613,-0.01681305468082428,31.052677154541016,0.15850912034511566
0,6999,7000,-1.6755015850067139,0.1063704639673233,35.63744354248047,0.15663403272628784
0,7049,7050,-1.6539857387542725,0.13816912472248077,35.84309768676758,0.15548498928546906
0,7099,7100,-1.4989876747131348,0.21056914329528809,34.19113540649414,0.15027929842472076
0,7149,7150,-1.4004480838775635,0.32864484190940857,34.58185958862305,0.1393876075744629
0,7199,7200,-1.4753570556640625,0.2912135124206543,35.33141326904297,0.14471350610256195
0,7249,7250,-1.6450755596160889,0.13097745180130005,35.521060943603516,0.15782493352890015
0,7299,7300,-1.7854137420654297,-0.03463788330554962,35.01551818847656,0.15655283629894257
0,7349,7350,-1.3013432025909424,0.3195858597755432,32.418582916259766,0.1402066946029663
0,7399,7400,-1.717437982559204,0.09245102107524872,36.197784423828125,0.15579891204833984
0,7449,7450,-1.3696198463439941,0.24538317322731018,32.3000602722168,0.14953576028347015
0,7499,7500,-1.3722494840621948,0.29671043157577515,33.37919998168945,0.14316348731517792
0,7549,7550,-1.3495655059814453,0.20152579247951508,31.021825790405273,0.1505986750125885
0,7599,7600,-1.413144588470459,0.3092653155326843,34.44819641113281,0.14090174436569214
0,7649,7650,-1.2726423740386963,0.43417495489120483,34.13634490966797,0.13471660017967224
0,7699,7700,-1.1185550689697266,0.44199955463409424,31.21109390258789,0.1362171620130539
0,7749,7750,-1.4216158390045166,0.24079228937625885,33.24816131591797,0.1456776112318039
0,7799,7800,-1.390800952911377,0.3230043351650238,34.27610778808594,0.14216294884681702
0,7849,7850,-1.231163501739502,0.3915828764438629,32.45492935180664,0.13783657550811768
0,7899,7900,-1.6161887645721436,0.061238691210746765,33.54854965209961,0.1578523963689804
0,7949,7950,-1.5727572441101074,-0.002036377787590027,31.41441535949707,0.15810610353946686
0,7999,8000,-1.74733304977417,0.11352261155843735,37.21711730957031,0.1585342288017273
0,8049,8050,-1.1372737884521484,0.36021721363067627,29.949819564819336,0.14087876677513123
0,8099,8100,-1.8365416526794434,0.07790634781122208,38.288963317871094,0.15836627781391144
0,8149,8150,-1.1967071294784546,0.39879393577575684,31.91002082824707,0.13619236648082733
0,8199,8200,-1.47711181640625,0.21078455448150635,33.75792694091797,0.14945290982723236
0,8249,8250,-1.3063678741455078,0.3745875358581543,33.61910629272461,0.13995489478111267
0,8299,8300,-1.439651370048523,0.19818805158138275,32.75679016113281,0.14618882536888123
0,8349,8350,-1.417649745941162,0.23572178184986115,33.06743240356445,0.1474757194519043
0,8399,8400,-1.1730523109436035,0.3753904700279236,30.968854904174805,0.14127056300640106
0,8449,8450,-1.1284074783325195,0.36506539583206177,29.86945915222168,0.14175064861774445
0,8499,8500,-1.4001212120056152,0.21428553760051727,32.28813171386719,0.15137110650539398
0,8549,8550,-1.2616074085235596,0.3144608736038208,31.521366119384766,0.14388501644134521
0,8599,8600,-1.2804439067840576,0.22778677940368652,30.164613723754883,0.14913228154182434
0,8649,8650,-1.2450929880142212,0.27590829133987427,30.420024871826172,0.14510688185691833
0,8699,8700,-1.2678821086883545,0.29999226331710815,31.357486724853516,0.14685805141925812
0,8749,8750,-1.3150818347930908,0.338143914937973,33.06451416015625,0.13953816890716553
0,8799,8800,-1.1959646940231323,0.42476361989974976,32.41456604003906,0.13693805038928986
0,8849,8850,-1.5901193618774414,0.09132746607065201,33.628936767578125,0.14984092116355896
0,8899,8900,-1.4666273593902588,0.15027019381523132,32.33795166015625,0.15257993340492249
0,8949,8950,-1.4843140840530396,0.1050155907869339,31.78659439086914,0.157349094748497
0,8999,9000,-0.7839217782020569,0.582749605178833,27.33342742919922,0.12303905934095383
0,9049,9050,-1.4407614469528198,0.18338382244110107,32.482906341552734,0.1519918143749237
0,9099,9100,-1.4611611366271973,0.12875866889953613,31.798397064208984,0.15375563502311707
0,9149,9150,-1.4420185089111328,0.18354399502277374,32.51124954223633,0.15164676308631897
0,9199,9200,-1.357154130935669,0.2804047465324402,32.75117492675781,0.14600330591201782
0,9249,9250,-1.2242003679275513,0.501044511795044,34.50489807128906,0.12639528512954712
0,9299,9300,-1.341287612915039,0.30322909355163574,32.89033508300781,0.14420947432518005
0,9349,9350,-1.0786625146865845,0.40107372403144836,29.594724655151367,0.13850997388362885
0,9399,9400,-1.2667720317840576,0.27043598890304565,30.74416160583496,0.14827711880207062
0,9449,9450,-1.7556631565093994,-0.005334079265594482,35.0065803527832,0.16161738336086273
0,9499,9500,-1.414780855178833,0.2720600366592407,33.73681640625,0.14704939723014832
0,9549,9550,-1.3712158203125,0.24961888790130615,32.41669464111328,0.14762625098228455
0,9599,9600,-1.551472544670105,0.042009077966213226,31.869632720947266,0.16074828803539276
0,9649,9650,-1.465740442276001,0.25933200120925903,34.50144958496094,0.14542041718959808
0,9699,9700,-1.1508114337921143,0.28058573603630066,28.627944946289062,0.14390625059604645
0,9749,9750,-1.4660884141921997,0.07714814692735672,30.864730834960938,0.15457122027873993
0,9799,9800,-1.3255620002746582,0.2832980155944824,32.17720031738281,0.14517877995967865
0,9849,9850,-1.3742694854736328,0.2363627851009369,32.212646484375,0.15061497688293457
0,9899,9900,-1.1466028690338135,0.32790523767471313,29.490163803100586,0.14157389104366302
0,9949,9950,-1.1524527072906494,0.3138805627822876,29.3266658782959,0.1441257894039154
0,9999,10000,-1.281105875968933,0.2888508439064026,31.399133682250977,0.14568768441677094
2,0,10001,-1.585279941558838,0.24404823780059814,36.58656311035156,0.14785832166671753
2,49,10050,-1.46799898147583,0.097505122423172,31.310081481933594,0.15798155963420868
2,99,10100,-1.6914575099945068,0.3890097439289093,41.609344482421875,0.13394218683242798
2,149,10150,-1.1807767152786255,0.44688767194747925,32.553287506103516,0.1352929025888443
2,199,10200,-1.801772117614746,0.098875492811203,38.0129508972168,0.15876656770706177
2,249,10250,-1.3955395221710205,0.4125615656375885,36.16202163696289,0.13645094633102417
2,299,10300,-1.580501914024353,0.26694223284721375,36.948883056640625,0.13681089878082275
2,349,10350,-1.5754001140594482,0.3884795904159546,39.27759552001953,0.13625776767730713
2,399,10400,-1.2269669771194458,0.37296736240386963,31.998687744140625,0.14115534722805023
2,449,10450,-1.4161022901535034,0.2527824342250824,33.37769317626953,0.13969022035598755
2,499,10500,-1.3537805080413818,0.39391452074050903,34.95389938354492,0.1396903246641159
2,549,10550,-1.3230016231536865,0.1986217200756073,30.432464599609375,0.1486278921365738
2,599,10600,-1.4139657020568848,0.35125717520713806,35.30445861816406,0.1398891806602478
2,649,10650,-1.671973705291748,0.3991473317146301,41.422420501708984,0.13218897581100464
2,699,10700,-1.2761616706848145,0.3337765336036682,32.19876480102539,0.14324688911437988
2,749,10750,-1.6196203231811523,0.135271817445755,35.09783935546875,0.15644939243793488
2,799,10800,-1.159099817276001,0.5255740880966187,33.6934814453125,0.1287173628807068
2,849,10850,-1.5614606142044067,0.2778572738170624,36.78635787963867,0.14587098360061646
2,899,10900,-1.8170082569122314,0.4050641357898712,44.44144821166992,0.13539838790893555
2,949,10950,-1.6872549057006836,0.1962704211473465,37.670509338378906,0.15158039331436157
2,999,11000,-1.3960542678833008,0.2348993569612503,32.61907196044922,0.14844076335430145
2,1049,11050,-1.8030917644500732,0.32271701097488403,42.51617431640625,0.1441953331232071
2,1099,11100,-1.4148306846618652,0.329275906085968,34.88213348388672,0.14173191785812378
2,1149,11150,-1.3107061386108398,0.3129462003707886,32.473045349121094,0.1442052125930786
2,1199,11200,-1.8448270559310913,0.27255502343177795,42.34764099121094,0.14875690639019012
2,1249,11250,-1.5864747762680054,0.29587090015411377,37.64691162109375,0.14101487398147583
2,1299,11300,-1.4614665508270264,0.5227521657943726,39.68437194824219,0.13017387688159943
2,1349,11350,-1.7153303623199463,0.23609581589698792,39.028526306152344,0.14734894037246704
2,1399,11400,-1.3043763637542725,0.35322582721710205,33.152042388916016,0.1428946703672409
2,1449,11450,-1.6129019260406494,0.2831788659095764,37.92161560058594,0.14266856014728546
2,1499,11500,-1.18943452835083,0.47156697511672974,33.22003173828125,0.13181623816490173
2,1549,11550,-1.2623035907745361,0.42750412225723267,33.79615783691406,0.1368861347436905
2,1599,11600,-1.4258010387420654,0.43521013855934143,37.22022247314453,0.13554228842258453
2,1649,11650,-1.8176227807998657,0.3429982364177704,43.21242141723633,0.1412147581577301
2,1699,11700,-1.4294108152389526,0.2732827961444855,34.053871154785156,0.14171206951141357
2,1749,11750,-1.2497963905334473,0.4305618703365326,33.6071662902832,0.13417306542396545
2,1799,11800,-1.7593047618865967,0.24732963740825653,40.132686614990234,0.14492090046405792
2,1849,11850,-1.8487346172332764,0.20845040678977966,41.143699645996094,0.1437048763036728
2,1899,11900,-1.4313738346099854,0.31698381900787354,34.96715545654297,0.14007005095481873
2,1949,11950,-1.4569191932678223,0.29925286769866943,35.123443603515625,0.1468924880027771
2,1999,12000,-1.3432376384735107,0.35143139958381653,33.89337921142578,0.14224086701869965
2,2049,12050,-1.0361391305923462,0.520652711391449,31.13583755493164,0.12902116775512695
2,2099,12100,-1.588215947151184,0.37762874364852905,39.31689453125,0.13852693140506744
2,2149,12150,-1.0122365951538086,0.3727494478225708,27.699722290039062,0.14049409329891205
2,2199,12200,-1.2075955867767334,0.3865629732608795,31.88317108154297,0.1380239725112915
2,2249,12250,-1.4379645586013794,0.3694407343864441,36.14810562133789,0.13780096173286438
2,2299,12300,-1.3641102313995361,0.31101325154304504,33.50246810913086,0.14236538112163544
2,2349,12350,-1.270136833190918,0.33007729053497314,32.00428009033203,0.13900762796401978
2,2399,12400,-1.5190956592559814,0.3396327495574951,37.17456817626953,0.1424088180065155
2,2449,12450,-1.642500877380371,0.15442407131195068,35.938499450683594,0.15234026312828064
2,2499,12500,-1.2486824989318848,0.5414692759513855,35.803035736083984,0.12782058119773865
2,2549,12550,-1.4597378969192505,0.3670990467071533,36.536739349365234,0.13948042690753937
2,2599,12600,-2.003622055053711,0.008413794450461864,40.240718841552734,0.16527721285820007
2,2649,12650,-1.5284329652786255,0.28674057126045227,36.303470611572266,0.14681266248226166
2,2699,12700,-1.715571403503418,0.22860655188560486,38.88356018066406,0.1440686732530594
2,2749,12750,-1.5269157886505127,0.37648820877075195,38.068077087402344,0.1380670815706253
2,2799,12800,-1.5984609127044678,0.2803877890110016,37.57697296142578,0.1431269347667694
2,2849,12850,-1.5043225288391113,0.5020585060119629,40.12761688232422,0.12797369062900543
2,2899,12900,-1.526200294494629,0.3983862102031708,38.491729736328125,0.1319003850221634
2,2949,12950,-1.2927623987197876,0.4412558674812317,34.68036651611328,0.13442833721637726
2,2999,13000,-1.2979142665863037,0.25052493810653687,30.968782424926758,0.1463308334350586
2,3049,13050,-1.367340326309204,0.32715293765068054,33.88986587524414,0.13938936591148376
2,3099,13100,-1.6553691625595093,0.2612866163253784,38.33311462402344,0.1467124968767166
2,3149,13150,-1.4513763189315796,0.32542884349823,35.536102294921875,0.14225278794765472
2,3199,13200,-1.599463939666748,0.22793269157409668,36.547935485839844,0.1422038972377777
2,3249,13250,-1.0560210943222046,0.49908897280693054,31.10219955444336,0.1314152330160141
2,3299,13300,-2.0076467990875244,-0.0012736804783344269,40.127464294433594,0.1598615199327469
2,3349,13350,-1.5460805892944336,0.3021203875541687,36.964019775390625,0.14544178545475006
2,3399,13400,-1.5420386791229248,0.2748875021934509,36.338523864746094,0.14832065999507904
2,3449,13450,-1.1762590408325195,0.36366239190101624,30.798429489135742,0.13964474201202393
2,3499,13500,-1.1949820518493652,0.37226155400276184,31.344871520996094,0.13190393149852753
2,3549,13550,-1.5393987894058228,0.199989452958107,34.78776550292969,0.1527349352836609
2,3599,13600,-1.5539443492889404,0.40167707204818726,39.1124267578125,0.13947264850139618
2,3649,13650,-1.376396656036377,0.37973552942276,35.122642517089844,0.1365072876214981
2,3699,13700,-1.8514270782470703,0.23126128315925598,41.65376663208008,0.14840807020664215
2,3749,13750,-1.2426605224609375,0.27684450149536133,30.39010238647461,0.1434662789106369
2,3799,13800,-1.3213255405426025,0.42172253131866455,34.8609619140625,0.13606874644756317
2,3849,13850,-1.7168314456939697,0.2983575165271759,40.30377960205078,0.14416123926639557
2,3899,13900,-1.5658605098724365,0.19445282220840454,35.20626449584961,0.15023775398731232
2,3949,13950,-1.38936185836792,0.3465176224708557,34.71759033203125,0.14181993901729584
2,3999,14000,-1.459272861480713,0.3870735168457031,36.92692565917969,0.13176169991493225
2,4049,14050,-1.430706262588501,0.48542356491088867,38.32259750366211,0.12813380360603333
2,4099,14100,-1.8805259466171265,0.22898025810718536,42.19012451171875,0.14913102984428406
2,4149,14150,-1.948683738708496,0.14638029038906097,41.90127944946289,0.15178532898426056
2,4199,14200,-1.5602084398269653,0.2890920042991638,36.98600769042969,0.1386549025774002
2,4249,14250,-1.3884778022766113,0.27337566018104553,33.23706817626953,0.14775320887565613
2,4299,14300,-1.3728086948394775,0.5314392447471619,38.0849609375,0.1277640014886856
2,4349,14350,-1.6255275011062622,0.14396628737449646,35.38987731933594,0.14792275428771973
2,4399,14400,-1.7920856475830078,0.3023890256881714,41.88949203491211,0.13975873589515686
2,4449,14450,-1.7058974504470825,0.17359302937984467,37.58980941772461,0.15222859382629395
2,4499,14500,-1.4748568534851074,0.4014114737510681,37.525367736816406,0.13723298907279968
2,4549,14550,-1.4907196760177612,0.3547239303588867,36.90887451171875,0.13988825678825378
2,4599,14600,-1.7694451808929443,0.10411983728408813,37.47129821777344,0.1551901251077652
2,4649,14650,-1.3527759313583374,0.3060944080352783,33.177406311035156,0.14109598100185394
2,4699,14700,-1.3724650144577026,0.42423826456069946,35.93406677246094,0.13623465597629547
2,4749,14750,-1.6730942726135254,0.32191622257232666,39.90020751953125,0.14270326495170593
2,4799,14800,-1.0777713060379028,0.5328891277313232,32.21321105957031,0.1291554719209671
2,4849,14850,-1.5651452541351318,0.3728615641593933,38.76013946533203,0.13989189267158508
2,4899,14900,-1.3647544384002686,0.3848886489868164,34.99285888671875,0.13922734558582306
2,4949,14950,-1.411010503768921,0.25584256649017334,33.33706283569336,0.14887617528438568
2,4999,15000,-1.4947288036346436,0.40744155645370483,38.04340744018555,0.1378079503774643
2,5049,15050,-1.6022210121154785,0.38603609800338745,39.76514434814453,0.1350422501564026
2,5099,15100,-1.3121604919433594,0.2982378304004669,32.20796203613281,0.1429455429315567
2,5149,15150,-1.5612194538116455,0.24667192995548248,36.15782928466797,0.14917707443237305
2,5199,15200,-1.2951276302337646,0.4116736650466919,34.136024475097656,0.13454918563365936
2,5249,15250,-1.3258941173553467,0.2931092381477356,32.38006591796875,0.14713844656944275
2,5299,15300,-1.5091657638549805,0.09722299873828888,32.127777099609375,0.1562393754720688
2,5349,15350,-1.3770527839660645,0.31805968284606934,33.90224838256836,0.1442897617816925
2,5399,15400,-1.3365023136138916,0.3772965669631958,34.275978088378906,0.13516415655612946
2,5449,15450,-1.4004368782043457,0.4181688129901886,36.37211227416992,0.13599440455436707
2,5499,15500,-1.154043436050415,0.39512598514556885,30.983388900756836,0.1355082094669342
2,5549,15550,-1.3112640380859375,0.3719748556613922,33.66477584838867,0.14116953313350677
2,5599,15600,-1.7100882530212402,0.2635078728199005,39.471923828125,0.1439410001039505
2,5649,15650,-1.6659698486328125,0.2770557999610901,38.860511779785156,0.1388230174779892
2,5699,15700,-1.4374077320098877,0.33350110054016113,35.418174743652344,0.14453630149364471
2,5749,15750,-1.5580754280090332,0.2551253139972687,36.264015197753906,0.14723163843154907
2,5799,15800,-1.476689100265503,0.2257879078388214,34.04954147338867,0.14858347177505493
2,5849,15850,-1.3471195697784424,0.4111400246620178,35.165191650390625,0.13595202565193176
2,5899,15900,-1.9805331230163574,0.11399874836206436,41.89064025878906,0.15472951531410217
2,5949,15950,-1.476254940032959,0.3339918851852417,36.20493698120117,0.1382461041212082
2,5999,16000,-1.2920353412628174,0.3917349874973297,33.67540740966797,0.1386086493730545
2,6049,16050,-1.579313039779663,0.31185370683670044,37.823333740234375,0.14432674646377563
2,6099,16100,-1.3516789674758911,0.2390422224998474,31.814422607421875,0.14318805932998657
2,6149,16150,-1.8244714736938477,0.10290616005659103,38.54755401611328,0.1516924947500229
2,6199,16200,-1.3235642910003662,0.199618861079216,30.463665008544922,0.14489448070526123
2,6249,16250,-1.0507709980010986,0.4716198742389679,30.44781494140625,0.13388171792030334
2,6299,16300,-1.5119291543960571,0.3168547749519348,36.57567596435547,0.14584040641784668
2,6349,16350,-1.5480294227600098,0.2876608967781067,36.71380615234375,0.13802534341812134
2,6399,16400,-1.1970216035842896,0.4110809564590454,32.16204833984375,0.12971153855323792
2,6449,16450,-1.1913957595825195,0.42962169647216797,32.42034912109375,0.1321166306734085
2,6499,16500,-1.7124303579330444,0.2699704170227051,39.648014068603516,0.14806143939495087
2,6549,16550,-1.2190451622009277,0.4168519079685211,32.71794128417969,0.13359956443309784
2,6599,16600,-1.5676655769348145,0.26919490098953247,36.73720932006836,0.14690712094306946
2,6649,16650,-1.2617828845977783,0.4957924485206604,35.15150833129883,0.13038484752178192
2,6699,16700,-1.4662997722625732,0.2831604778766632,34.98920440673828,0.14519758522510529
2,6749,16750,-1.6113827228546143,0.24024084210395813,37.032470703125,0.14706969261169434
2,6799,16800,-1.3925282955169678,0.3071485459804535,33.99353790283203,0.14568015933036804
2,6849,16850,-1.285064458847046,0.26105767488479614,30.922443389892578,0.14731882512569427
2,6899,16900,-1.7221128940582275,0.43188074231147766,43.079872131347656,0.13277633488178253
2,6949,16950,-1.337575912475586,0.3883131742477417,34.517784118652344,0.13721789419651031
2,6999,17000,-1.314555287361145,0.4485620856285095,35.26234817504883,0.13397656381130219
2,7049,17050,-1.1608853340148926,0.2919410467147827,29.05652618408203,0.14749684929847717
2,7099,17100,-1.7447917461395264,0.2117484211921692,39.130802154541016,0.14606799185276031
2,7149,17150,-1.5741586685180664,0.2707487642765045,36.89814758300781,0.14610758423805237
2,7199,17200,-1.7525397539138794,0.23700599372386932,39.790916442871094,0.14655064046382904
2,7249,17250,-1.3955658674240112,0.37002038955688477,35.31172561645508,0.14062285423278809
2,7299,17300,-1.2766668796539307,0.30147287249565125,31.56279754638672,0.14622335135936737
2,7349,17350,-1.4330445528030396,0.4237363338470459,37.1356201171875,0.13040147721767426
2,7399,17400,-1.6494271755218506,0.21029536426067352,37.19445037841797,0.15075086057186127
2,7449,17450,-1.4144001007080078,0.4789903163909912,37.8678092956543,0.13254673779010773
2,7499,17500,-1.2767646312713623,0.4513108730316162,34.56150817871094,0.13294503092765808
2,7549,17550,-1.622572898864746,0.46520769596099854,41.755615234375,0.1340516060590744
2,7599,17600,-1.6284394264221191,0.33022475242614746,39.17328643798828,0.1414080113172531
2,7649,17650,-1.9710283279418945,0.023011580109596252,39.88079833984375,0.1506793200969696
2,7699,17700,-1.5909557342529297,0.403149276971817,39.88209915161133,0.13805773854255676
2,7749,17750,-1.231078028678894,0.4387039542198181,33.3956413269043,0.1361479014158249
2,7799,17800,-1.5747835636138916,0.36445218324661255,38.78471374511719,0.14204975962638855
2,7849,17850,-1.292964220046997,0.2975960373878479,31.811206817626953,0.14533519744873047
2,7899,17900,-1.4506909847259521,0.38408035039901733,36.69542694091797,0.13458453118801117
2,7949,17950,-1.6173255443572998,0.17714166641235352,35.88934326171875,0.15237151086330414
2,7999,18000,-1.9398138523101807,0.08784037083387375,40.55308532714844,0.15946805477142334
2,8049,18050,-1.452728271484375,0.3108392357826233,35.2713508605957,0.14289376139640808
2,8099,18100,-1.5951814651489258,0.2692962884902954,37.289554595947266,0.14882615208625793
2,8149,18150,-1.4366390705108643,0.31038835644721985,34.9405517578125,0.14223843812942505
2,8199,18200,-1.5733298063278198,0.2166176736354828,35.7989501953125,0.14639915525913239
2,8249,18250,-1.4682543277740479,0.29059141874313354,35.17691421508789,0.14507940411567688
2,8299,18300,-1.340932846069336,0.4698638319969177,36.21593475341797,0.13381633162498474
2,8349,18350,-1.5655778646469116,0.33613085746765137,38.03417205810547,0.14000189304351807
2,8399,18400,-1.4644050598144531,0.4736133813858032,38.76036834716797,0.13223935663700104
2,8449,18450,-1.429093360900879,0.5145717263221741,38.8733024597168,0.1304505467414856
2,8499,18500,-1.352415680885315,0.2822279930114746,32.69287109375,0.14373868703842163
2,8549,18550,-1.3995914459228516,0.5041003227233887,38.07383346557617,0.13254061341285706
2,8599,18600,-1.3277459144592285,0.29283323884010315,32.411582946777344,0.1459149569272995
2,8649,18650,-1.6635130643844604,0.34386688470840454,40.14759826660156,0.14149491488933563
2,8699,18700,-1.2823951244354248,0.49091848731040955,35.466270446777344,0.13219882547855377
2,8749,18750,-1.3834973573684692,0.3715517818927765,35.100982666015625,0.13034461438655853
2,8799,18800,-1.6066498756408691,0.31252866983413696,38.383567810058594,0.1351073831319809
2,8849,18850,-1.2638494968414307,0.281862735748291,30.91424560546875,0.14340917766094208
2,8899,18900,-1.3871439695358276,0.4212784767150879,36.16844940185547,0.1374650001525879
2,8949,18950,-1.7869107723236084,0.10241629183292389,37.78654098510742,0.159867063164711
2,8999,19000,-1.3810617923736572,0.3662288188934326,34.9458122253418,0.14101023972034454
2,9049,19050,-1.5504770278930664,0.152574360370636,34.06102752685547,0.153915137052536
2,9099,19100,-1.4184880256652832,0.2644762396812439,33.65928268432617,0.13383863866329193
2,9149,19150,-1.5912983417510986,0.3332937955856323,38.491844177246094,0.14153507351875305
2,9199,19200,-1.5337647199630737,0.3465069532394409,37.60543441772461,0.1433628648519516
2,9249,19250,-1.3485933542251587,0.24576228857040405,31.887113571166992,0.14630624651908875
2,9299,19300,-1.5491790771484375,0.201790452003479,35.01939010620117,0.15076620876789093
2,9349,19350,-2.2537176609039307,0.02175905928015709,45.5095329284668,0.15952575206756592
2,9399,19400,-1.8075320720672607,0.07479862868785858,37.64661407470703,0.1568550169467926
2,9449,19450,-1.129402995109558,0.312059223651886,28.829246520996094,0.14582107961177826
2,9499,19500,-1.3355329036712646,0.3299647867679596,33.30995178222656,0.14085547626018524
2,9549,19550,-1.1704134941101074,0.30726879835128784,29.553646087646484,0.14466309547424316
2,9599,19600,-1.313236951828003,0.27181753516197205,31.701087951660156,0.14703680574893951
2,9649,19650,-1.4331870079040527,0.4038722515106201,36.74118423461914,0.13407832384109497
2,9699,19700,-1.6031938791275024,0.28986823558807373,37.861244201660156,0.14480677247047424
2,9749,19750,-1.4984395503997803,0.2864791452884674,35.69837188720703,0.1456442028284073
2,9799,19800,-1.3505337238311768,0.36925825476646423,34.39583969116211,0.13468855619430542
2,9849,19850,-1.107649803161621,0.42275792360305786,30.608154296875,0.13570082187652588
2,9899,19900,-1.4306732416152954,0.38091206550598145,36.23170471191406,0.1330743432044983
2,9949,19950,-1.5470590591430664,0.3750159740447998,38.441497802734375,0.13645048439502716
2,9999,20000,-1.3567078113555908,0.31166771054267883,33.36750793457031,0.14275240898132324
